observation_date,y,pred_ols,pred_ridge
2020-05-21,-3.0000000000000027,0.17857799152771725,0.1744955174324696
2020-05-22,0.0,-0.01784019129933956,-0.021523401712966406
2020-05-26,-0.9999999999999898,-0.562150121766678,-0.5634743662620219
2020-05-27,8.999999999999996,1.52368764166584,1.519205045525251
2020-05-28,12.0,0.8618195930781927,0.8591423525586301
2020-05-29,26.0,1.3976748311929585,1.3935439804679683
2020-06-01,22.0,1.1494895780030492,1.1465056467400432
2020-06-02,15.999999999999991,1.68373823984296,1.679372951450682
2020-06-03,-2.0000000000000018,1.8863086982029442,1.8815082412979707
2020-06-04,-15.999999999999991,1.33839805172196,1.3334732836768466
2020-06-05,-20.000000000000007,0.6655883351942757,0.6617923879181702
2020-06-08,-17.000000000000004,0.4794053168970771,0.47653731862640525
2020-06-09,-8.999999999999996,0.4479285992841764,0.4452706415055103
2020-06-10,-1.0000000000000009,0.4203701203643748,0.41813308253638803
2020-06-11,4.999999999999993,0.44292114248988645,0.4400242890811792
2020-06-12,-1.0000000000000009,0.5369676337319642,0.5301224572502248
2020-06-15,0.0,-0.3078128891987839,-0.3121282710337554
2020-06-16,-3.0000000000000027,-0.6424631943373977,-0.6452699929313352
2020-06-17,-5.000000000000004,-0.5421908515147409,-0.5453146180582114
2020-06-18,-2.999999999999992,-0.9846407627934165,-0.9868526514551619
2020-06-19,-5.999999999999995,-1.2563143349454662,-1.2582231513244198
2020-06-22,-6.999999999999995,-0.8481791337217712,-0.8509369056462472
2020-06-23,-5.999999999999995,-0.6540950409578685,-0.6565978101303958
2020-06-24,0.0,-0.5129483728316624,-0.5158552015234734
2020-06-25,0.0,-0.9074055937282337,-0.9101994309735815
2020-06-26,4.999999999999993,-1.2766345467523692,-1.2779861760584672
2020-06-29,1.0000000000000009,-1.3717027668177273,-1.3740686160392224
2020-06-30,1.0000000000000009,-1.8667730018351893,-1.8675239083459434
2020-07-01,-6.999999999999995,-1.7760750419176765,-1.7758303810886713
2020-07-02,-3.0000000000000027,-1.7298849464932349,-1.7291828504545204
2020-07-06,-4.999999999999993,-1.419959437385549,-1.4194215535796482
2020-07-07,-2.0000000000000018,-0.525608081951149,-0.52687639130264
2020-07-08,-3.0000000000000027,-0.7635276984252204,-0.7647551375641659
2020-07-09,0.0,-1.0862630500766965,-1.0864493189493274
2020-07-10,-1.0000000000000009,-0.7338898639743043,-0.7351254212163967
2020-07-13,-2.0000000000000018,-0.7442793311471836,-0.7450872013719803
2020-07-14,-2.0000000000000018,-0.0053065761853106075,-0.008662365607595923
2020-07-15,-4.000000000000004,-0.6810567293217538,-0.6817232401869284
2020-07-16,-3.0000000000000027,0.3917247188226012,0.39017047889854184
2020-07-17,-5.000000000000004,0.4295358564649765,0.4270453262548808
2020-07-20,0.0,-0.5047564044375488,-0.5048756721241316
2020-07-21,-2.0000000000000018,0.1384895398980277,0.1374084208797457
2020-07-22,-2.0000000000000018,1.834540725813421,1.8301906482411385
2020-07-23,-3.999999999999993,2.5567276392967275,2.5506577021098584
2020-07-24,-3.999999999999993,2.6718529842676966,2.6646723448569167
2020-07-27,-5.999999999999995,1.8888943435948136,1.8832119364479718
2020-07-28,-6.999999999999995,2.405035394547062,2.398450050755037
2020-07-29,-2.999999999999992,2.437855444197924,2.431014215081219
2020-07-30,0.0,2.1651189739113366,2.158599365736344
2020-07-31,1.999999999999991,1.7891347425402184,1.7835420501759462
2020-08-03,2.999999999999992,1.7796809902255508,1.7739570191959477
2020-08-04,12.0,0.5546733350394524,0.5510242043423119
2020-08-05,13.99999999999999,0.9062947324611885,0.901413346346319
2020-08-06,15.999999999999991,1.6039621239703563,1.5980720737458078
2020-08-07,14.000000000000002,1.068997538133659,1.0640846212656698
2020-08-10,9.999999999999998,-0.1435846589826122,-0.14666412183798627
2020-08-11,3.0000000000000027,-0.38673307750323116,-0.3893941050496277
2020-08-12,-0.9999999999999898,-0.8240020440467486,-0.8264163490023542
2020-08-13,-5.999999999999995,-1.550680388911656,-1.5514581764961992
2020-08-14,-6.999999999999995,-1.5993827315541638,-1.600255182357839
2020-08-17,-3.999999999999993,-1.218436575907763,-1.2200500639941454
2020-08-18,1.999999999999991,-0.6103663392594783,-0.6124311690540003
2020-08-19,0.9999999999999898,-0.2273546900651522,-0.23109067264794358
2020-08-20,8.999999999999996,-0.09857980324913473,-0.10244052234642309
2020-08-21,9.999999999999998,-0.2112496777020063,-0.2156573629920615
2020-08-24,6.999999999999995,-0.6662661728402177,-0.6701932191311717
2020-08-25,-0.9999999999999898,-0.5272983138760843,-0.5305784421539259
2020-08-26,-2.999999999999992,-0.873832236288852,-0.8766362105926202
2020-08-27,-10.999999999999998,-0.2564498790646672,-0.2618751830881054
2020-08-28,-2.0000000000000018,-0.6714327779186271,-0.6777551137247848
2020-08-31,-3.0000000000000027,0.8894281311863947,0.8816127566617422
2020-09-01,2.999999999999992,1.4268987349261795,1.4178398543355102
2020-09-02,2.0000000000000018,1.9995137541145303,1.9900698391732408
2020-09-03,4.000000000000004,0.7010905474951898,0.6941895502531326
2020-09-04,-3.999999999999993,0.6424377942178845,0.6343489757785621
2020-09-08,-0.9999999999999898,-0.030124669754017175,-0.03709478484788331
2020-09-09,-2.0000000000000018,-0.9423070563734295,-0.9472205620384262
2020-09-10,0.9999999999999898,-0.29800171006718257,-0.30349418645070814
2020-09-11,2.999999999999992,0.5371011360245106,0.5302648497316667
2020-09-14,0.0,-0.16156272203005662,-0.16640338430199364
2020-09-15,0.0,0.6005509409844931,0.5951456541122182
2020-09-16,-0.9999999999999898,0.6147868658643287,0.6098143358970067
2020-09-17,-1.999999999999991,1.0361572607619336,1.03073090057574
2020-09-18,-3.999999999999993,0.20642160634938556,0.20215840973637267
2020-09-21,-1.0000000000000009,0.4472725551128949,0.44326962563353534
2020-09-22,-2.0000000000000018,-2.1174001907703315,-2.118463830584005
2020-09-23,0.9999999999999898,-2.70494087945195,-2.7053020908150947
2020-09-24,1.0000000000000009,-4.458376684625068,-4.457018586245289
2020-09-25,3.999999999999993,-5.110364449079025,-5.1078111412875815
2020-09-28,10.999999999999998,-5.699818057468837,-5.695877766556806
2020-09-29,9.999999999999998,-4.75641918575952,-4.753927088234406
2020-09-30,12.00000000000001,-4.514104394035839,-4.511848886065717
2020-10-01,9.999999999999998,-3.5983308292805747,-3.5970338546609906
2020-10-02,9.000000000000007,-3.0386118844918713,-3.0382450312012748
2020-10-05,-4.000000000000004,-3.760828996314653,-3.758692781464876
2020-10-06,-3.0000000000000027,-3.7419076549659893,-3.7399197883830615
2020-10-07,-7.000000000000006,-3.6343294631306504,-3.6321301341847523
2020-10-08,-2.0000000000000018,-4.279248285302708,-4.275985011478792
2020-10-09,-1.0000000000000009,-3.3851401611345118,-3.3829557529077072
2020-10-13,7.000000000000006,-1.1026591159652217,-1.1029760300115856
2020-10-14,9.999999999999998,-1.899302685549173,-1.8986227568614975
2020-10-15,13.0,-1.2306804999298953,-1.2309580640510605
2020-10-16,8.999999999999996,-2.40233926342057,-2.400740998525904
2020-10-19,3.0000000000000027,-1.837387579897331,-1.8371051293851346
2020-10-20,-2.0000000000000018,-1.333416175743462,-1.3344365555008344
2020-10-21,-3.999999999999993,-1.5646990719306917,-1.5655408210439625
2020-10-22,-2.0000000000000018,-1.0860338302968482,-1.0877044761571546
2020-10-23,3.0000000000000027,-1.8921831933826303,-1.892409724126807
2020-10-26,5.999999999999995,-1.421446417080491,-1.4218531172233573
2020-10-27,10.999999999999998,-2.0728278224423695,-2.0732877145756463
2020-10-28,-1.0000000000000009,-1.398736123241368,-1.400188785457455
2020-10-29,-5.999999999999995,-2.755819785699039,-2.756354251404404
2020-10-30,-5.000000000000004,-4.1697205198632235,-4.167006835021076
2020-11-02,8.999999999999996,-3.9784753015140675,-3.9757895537615573
2020-11-03,7.9999999999999964,-3.977649746321039,-3.9741365378070186
2020-11-04,9.999999999999998,-2.5548910598022485,-2.5534632646219544
2020-11-05,9.999999999999998,-0.814954944171762,-0.8154627598010268
2020-11-06,8.000000000000007,-0.013195846274089096,-0.01396356543427002
2020-11-09,-8.999999999999996,0.5091768442158133,0.5074272831147302
2020-11-10,-9.999999999999998,-0.9442689931271578,-0.9437560809424705
2020-11-12,-2.0000000000000018,-1.0742058536470238,-1.073499018921444
2020-11-13,-6.000000000000005,-0.5093537276634805,-0.5101212771268315
2020-11-16,-5.000000000000004,-0.5677536198114428,-0.5682867063689017
2020-11-17,1.0000000000000009,-0.12889005461788994,-0.12968319055803956
2020-11-18,0.0,0.3872025082259163,0.3850993761378989
2020-11-19,-2.0000000000000018,0.7004523620764638,0.6974380930566384
2020-11-20,1.0000000000000009,0.6715025776708305,0.668642872920703
2020-11-23,6.000000000000005,0.6132078187044288,0.6099366471197016
2020-11-24,6.999999999999995,-0.09681243921762217,-0.09865969672270225
2020-11-25,4.000000000000004,0.06510142914661454,0.06369551943951057
2020-11-27,13.0,0.3892922951531812,0.38751917760617527
2020-11-30,9.999999999999998,0.607899223680604,0.6056866990162968
2020-12-01,0.0,0.3804215994518638,0.3788751987625316
2020-12-02,0.0,0.0953941727935419,0.09417212758833493
2020-12-03,0.0,-0.19817429407906784,-0.19880615231052667
2020-12-04,-6.999999999999995,0.6846985476881486,0.6825685251356299
2020-12-07,-3.999999999999993,0.29515306675975284,0.2939526918589921
2020-12-08,0.0,0.14921981921814798,0.147766757362487
2020-12-09,-2.999999999999992,0.21401531685445896,0.21214616346700543
2020-12-10,1.999999999999991,-0.3634776863427782,-0.3645960241948507
2020-12-11,4.999999999999993,-0.2100206976863528,-0.21131864748450435
2020-12-14,4.999999999999993,-0.36789739925901555,-0.3689938486887494
2020-12-15,1.0000000000000009,-0.24464753375289305,-0.2462410503958692
2020-12-16,3.999999999999993,-0.2360795011677539,-0.2372390015646153
2020-12-17,0.0,0.12350398922428818,0.12179215454240033
2020-12-18,-1.0000000000000009,0.46589028872652927,0.46383794405968226
2020-12-21,-1.0000000000000009,-0.2821397527525953,-0.28306920244109324
2020-12-22,0.0,-0.7218666543071084,-0.7230050154423032
2020-12-23,-2.999999999999992,-0.8957703682629781,-0.89692926152351
2020-12-24,-0.9999999999999898,-0.8485220693848621,-0.8498002741210129
2020-12-28,2.0000000000000018,-0.947189963393439,-0.9472264635507913
2020-12-29,10.000000000000009,-0.5802755816277343,-0.5801973878497071
2020-12-30,15.000000000000002,-0.036635159684356156,-0.03773897210232424
2020-12-31,19.999999999999982,0.28661298945395464,0.2849775840527755
2021-01-04,21.999999999999982,0.7008252276484304,0.6984410191799955
2021-01-05,18.999999999999996,0.18246057702934682,0.17997143048502173
2021-01-06,6.000000000000005,0.378086107456709,0.3755704544989331
2021-01-07,6.999999999999984,-0.3043024247710291,-0.3065203367425502
2021-01-08,-1.99999999999998,-1.7521552282239992,-1.7509129106426367
2021-01-11,-4.999999999999982,-2.0699888664811645,-2.0678201911546688
2021-01-12,-4.999999999999982,-3.665095476416826,-3.661015511963292
2021-01-13,2.0000000000000018,-2.5863091175843445,-2.584003296978704
2021-01-14,-4.999999999999982,-1.6265640335925267,-1.6250020313956028
2021-01-15,-6.000000000000005,-1.058294039187131,-1.0578945632316468
2021-01-19,-5.000000000000004,-2.2222514648632075,-2.2208673864602053
2021-01-20,-6.000000000000005,-1.8750415187427012,-1.8740529217049557
2021-01-21,-5.000000000000004,-1.7773865212029447,-1.7762409735089373
2021-01-22,1.0000000000000009,-0.7132273558037221,-0.7140163161220735
2021-01-25,4.000000000000004,-2.211540366334572,-2.2101903454637286
2021-01-26,7.000000000000006,-2.8021778208121066,-2.8003810367157764
2021-01-27,10.999999999999988,-2.124527987855182,-2.1242492349232815
2021-01-28,7.999999999999985,-3.2854607859299763,-3.2860434394673548
2021-01-29,7.999999999999985,-3.4428820653524093,-3.4415712826141993
2021-02-01,9.999999999999986,-2.750761115050861,-2.749852149838061
2021-02-02,5.999999999999983,-5.3420904730134335,-5.337396652462585
2021-02-03,0.0,-4.888630496398501,-4.883730102514483
2021-02-04,1.0000000000000009,-4.981017730053642,-4.975470407613661
2021-02-05,1.0000000000000009,-6.41981002276604,-6.412757110698473
2021-02-08,11.00000000000001,-4.959353399701433,-4.954557455480618
2021-02-09,11.00000000000001,-4.019179609722781,-4.015358679468247
2021-02-10,14.000000000000012,-2.8378626963249136,-2.835314732433537
2021-02-11,18.000000000000014,-1.8240383810944345,-1.8229271084226721
2021-02-12,17.000000000000014,-1.6139485757520564,-1.6132195540383838
2021-02-16,7.000000000000006,-1.8264036277704532,-1.82543761511972
2021-02-17,8.999999999999986,-3.5560359561037798,-3.5521349322242264
2021-02-18,25.0,-4.267454355740801,-4.262408331058729
2021-02-19,9.999999999999986,-4.678449732454062,-4.673591728243942
2021-02-22,7.999999999999985,-2.8065250610208308,-2.804365581819189
2021-02-23,4.999999999999982,-3.308525591635207,-3.3058728347772703
2021-02-24,9.000000000000007,-1.901573814227415,-1.901207304768995
2021-02-25,0.0,-1.2464817776643784,-1.2468802959442025
2021-02-26,12.00000000000001,-1.4607222661577326,-1.4595158974957363
2021-03-01,14.000000000000012,-4.225494770632956,-4.220867675327604
2021-03-02,13.00000000000001,-3.918175730851166,-3.9137553013580133
2021-03-03,6.000000000000005,-3.6298200661432327,-3.6258712867242027
2021-03-04,0.0,-4.234844408530446,-4.2301159114516675
2021-03-05,7.999999999999985,-3.757612643120992,-3.75370983437511
2021-03-08,3.0000000000000027,-6.639115934500213,-6.631066479682907
2021-03-09,7.000000000000006,-6.6846744843035495,-6.6768392185308585
2021-03-10,9.999999999999986,-5.051183091969584,-5.0457151292467355
2021-03-11,16.999999999999993,-3.9573197125195376,-3.953311161425119
2021-03-12,10.000000000000009,-1.6590074015326697,-1.6579349097366012
2021-03-15,6.999999999999984,-2.5226870855175934,-2.5205676978391995
2021-03-16,0.9999999999999788,-3.172142953136714,-3.1691147475607666
2021-03-17,-0.9999999999999788,-2.600093218687804,-2.5979367503429494
2021-03-18,-8.000000000000007,-2.8433713467894206,-2.8412922656377804
2021-03-19,-7.000000000000006,-1.136399665387157,-1.1356975055973106
2021-03-22,4.000000000000004,-2.1903268889872836,-2.1873915725061575
2021-03-23,10.000000000000009,-2.083635305295099,-2.0804813792558594
2021-03-24,11.99999999999999,-2.3923377546391,-2.389548606408532
2021-03-25,6.000000000000005,-1.18164356778037,-1.1803110610312846
2021-03-26,5.000000000000004,-1.916317383528605,-1.9142212168540302
2021-03-29,0.0,-1.2292697650314905,-1.2275314459058797
2021-03-30,-6.000000000000005,-0.7535416515347427,-0.7521926060399106
2021-03-31,-6.000000000000005,-0.6775256688297315,-0.67594755915809
2021-04-01,-5.000000000000004,-0.21333772997100486,-0.21234063280872728
2021-04-02,-5.000000000000004,-1.181682209541883,-1.1796761592282607
2021-04-05,-4.000000000000004,-1.2483766078465925,-1.2464062277109162
2021-04-06,-3.0000000000000027,-0.720636346469075,-0.7192309348166179
2021-04-07,-4.000000000000004,-0.0261613235571021,-0.02588569449957534
2021-04-08,-7.999999999999985,0.056556664478404683,0.056749716464034705
2021-04-09,-7.999999999999985,0.47267053129536407,0.47216539547114944
2021-04-12,-7.999999999999985,0.04370357608024289,0.04367145127744121
2021-04-13,-5.999999999999983,0.10337052247867318,0.10329452280777718
2021-04-14,-6.999999999999984,0.6925183493663205,0.6914076905601921
2021-04-15,1.0000000000000009,1.4348364285575164,1.4328454091828662
2021-04-16,-1.0000000000000009,1.7007995907271076,1.698079383733928
2021-04-19,-3.0000000000000027,1.8871570799116189,1.88435679865316
2021-04-20,4.999999999999982,2.45355350727391,2.4501008793485566
2021-04-21,5.999999999999983,2.3020918053371613,2.2983425927525145
2021-06-18,9.000000000000007,-4.238262064119127,-4.232915253976673
2021-06-21,-1.0000000000000009,-4.155163805255984,-4.151355389704459
2021-06-22,1.0000000000000009,-3.1465369793704583,-3.143579225108217
2021-06-23,-5.000000000000004,-2.763007822846203,-2.760574579213879
2021-06-24,-1.0000000000000009,-1.791027002219971,-1.7895681842511881
2021-06-25,-10.000000000000009,-1.6356984463346076,-1.634405238881465
2021-06-28,-11.99999999999999,-0.9820803125992404,-0.9812505748700937
2021-06-29,-15.999999999999991,-0.9117429351920237,-0.9111715717398471
2021-06-30,-14.999999999999991,-1.155938626120616,-1.155077077228595
2021-07-01,-10.999999999999988,-1.156192040180577,-1.1555816498720963
2021-07-02,-6.000000000000005,-1.6866990371118071,-1.6853017963430483
2021-07-06,4.999999999999982,-1.3666843199029817,-1.3658779525407718
2021-07-07,4.000000000000004,-1.5229053192624402,-1.522618208334506
2021-07-08,1.0000000000000009,-1.5460685622843204,-1.5457837982936078
2021-07-09,-6.000000000000005,-1.279648618881051,-1.280271973981775
2021-07-12,-18.999999999999996,-1.1357126923457057,-1.1356481625135175
2021-07-13,-18.999999999999996,-1.2041630773155612,-1.2040012915711644
2021-07-14,-7.000000000000006,-1.4208933019560792,-1.4204815758797111
2021-07-15,-4.000000000000004,-1.038357678570454,-1.0384829164053442
2021-07-16,-1.0000000000000009,-1.2139755341648792,-1.2142880571286767
2021-07-19,10.000000000000009,-1.124494237748075,-1.1251937206069316
2021-07-20,2.0000000000000018,-1.3378193803801417,-1.3393350884453281
2021-07-21,-4.000000000000004,-2.0962666725812875,-2.096696811452527
2021-07-22,1.0000000000000009,-1.6707505535493214,-1.6709452091066404
2021-07-23,-6.000000000000005,-1.7153437242756726,-1.7155180428521928
2021-07-26,-9.000000000000007,-1.6425012953054083,-1.6423989513652943
2021-07-27,-6.000000000000005,-1.2121422399375716,-1.2125802224752755
2021-07-28,-7.000000000000006,-0.9861521243941243,-0.9872413091263148
2021-07-29,-5.000000000000004,-0.8206413538125621,-0.8217362548226572
2021-10-20,-10.999999999999988,0.28682394538770706,0.2863135599058042
2021-10-21,-10.999999999999988,0.4904238312888338,0.48973403045913066
2021-10-22,-10.999999999999988,0.09384652074304767,0.09369542213580018
2021-10-25,-5.999999999999983,-0.5032076771641989,-0.5024890201538577
2021-10-26,-6.999999999999984,-0.09858331249265184,-0.09863075463247595
2021-10-27,6.000000000000005,-0.3292616029218811,-0.32899030989083844
2021-10-28,-4.000000000000004,-0.28831072841146443,-0.2885565053480992
2021-10-29,-10.000000000000009,0.2055482167828524,0.20495486425307363
2021-11-01,-7.000000000000006,-1.0651241386636348,-1.0645501158970498
2021-11-02,-10.000000000000009,-1.549774590306512,-1.5485441197056473
2021-11-03,-4.000000000000004,-1.7400572766181883,-1.738774557433921
2021-11-04,5.000000000000004,-1.890353626029196,-1.8886340247865874
2021-11-05,17.999999999999993,-1.7008449747786334,-1.6998939785916611
2021-11-08,11.99999999999999,-0.8453481282222708,-0.8461299100671058
2021-11-09,14.000000000000012,-0.48901585346389964,-0.48970454131593666
2021-11-10,3.0000000000000027,-0.1291389478548406,-0.1306025702892648
2021-11-12,-4.000000000000004,-1.2330443162046874,-1.2325020076788071
2021-11-15,0.0,-2.535536654014055,-2.5333442570587152
2021-11-16,4.000000000000004,-2.7389516504539193,-2.7361779695250443
2021-11-17,3.999999999999981,-3.7262140669774073,-3.722661596067802
2021-11-18,-11.00000000000001,-2.91759015514649,-2.915386419447467
2021-11-19,-2.0000000000000018,-2.649479419413403,-2.6477898301201908
2021-11-22,-20.0,-2.8191054626784,-2.817828623213325
2021-11-23,-24.0,-3.4621878010730356,-3.459192135598343
2021-11-24,-20.0,-3.454338143476045,-3.451313106400497
2021-11-26,-12.99999999999999,-3.916694731080404,-3.9131629594942803
2021-11-29,-9.000000000000007,-2.70555794402188,-2.7058357947968545
2021-11-30,5.000000000000004,-2.894114040991871,-2.8933657428918664
2021-12-01,9.000000000000007,-2.1520421354743298,-2.152631823256845
2021-12-02,5.000000000000004,-1.9050022161127405,-1.9056560042232595
2021-12-03,12.99999999999999,-2.2565165603239903,-2.2562398677220363
2021-12-06,-1.0000000000000009,-2.1529195202888403,-2.1534391485340483
2021-12-07,-4.000000000000004,-2.208350417597807,-2.2079649360078353
2021-12-08,-5.000000000000004,-2.144347635390286,-2.1433982598069172
2021-12-21,7.000000000000006,-1.094487580955518,-1.0960430495986269
2021-12-22,6.000000000000005,-1.698914909227359,-1.698445573391041
2021-12-23,2.0000000000000018,-0.9887667897035293,-0.989157592697856
2021-12-27,14.999999999999991,-0.6954467211151112,-0.6953847281602706
2021-12-28,16.999999999999993,-0.3725828408813906,-0.37257874152437986
2021-12-29,15.999999999999991,-0.049177247232279786,-0.049512900843107
2021-12-30,21.0,0.0561072619879841,0.05641982226517661
2021-12-31,24.0,0.44854641015776764,0.448153620927626
2022-01-03,15.000000000000014,0.5976701254068548,0.5968958417613153
2022-01-04,9.000000000000007,-0.0295896293300677,-0.02862295590822428
2022-01-05,3.0000000000000027,0.4164218569867213,0.41702644431992186
2022-01-06,-3.0000000000000027,0.5885960232213607,0.5894447114645063
2022-01-07,2.0000000000000018,-0.4222513456413477,-0.42034919581661345
2022-01-10,9.000000000000007,0.4866571758258007,0.48752662624837173
2022-01-11,8.000000000000007,-0.06049953814510567,-0.05945221284035007
2022-01-12,9.000000000000007,1.0543170163155162,1.054107888081264
2022-01-13,5.000000000000004,1.788113984679777,1.7873048981935293
2022-01-14,-3.0000000000000027,1.7165996041570253,1.715570173849916
2022-01-18,-9.000000000000007,0.7158548032710059,0.7163211652208405
2022-01-19,2.0000000000000018,-0.025663242775235018,-0.02466832882029313
2022-01-20,-2.0000000000000018,0.20643907074638457,0.2067698431117584
2022-01-21,3.0000000000000027,0.24296948238507454,0.24312242321310973
2022-01-24,4.000000000000004,1.3630537436767365,1.3596289755735214
2022-01-25,3.0000000000000027,0.4678991623427422,0.4648782568191723
2022-01-26,-7.000000000000006,0.46953445188544274,0.46679992495053146
2022-01-27,1.0000000000000009,0.08204302380308859,0.07968911073321006
2022-01-28,14.999999999999991,-1.9734000710359676,-1.9741943566494444
2022-01-31,12.99999999999999,-1.6740967860383362,-1.6749186420721691
2022-02-01,14.999999999999991,-0.27680251669172273,-0.2789794161950164
2022-02-02,15.999999999999991,0.0008650262691980437,-0.0012235487823175628
2022-02-03,20.99999999999997,0.5056545272509765,0.5031577225769237
2022-02-04,-1.0000000000000009,1.1529104774694099,1.149755238686855
2022-02-07,6.000000000000005,0.1744774738836794,0.1723212608326412
2022-02-08,8.999999999999986,0.6478966018218786,0.6453089582439455
2022-02-09,8.999999999999986,0.14683632873245744,0.14491845063633113
2022-02-10,-5.999999999999983,1.0956347480342932,1.0924660646154236
2022-02-11,0.0,1.6790931272180827,1.6752063070600194
2022-02-14,-4.000000000000004,1.2467052400122216,1.2428851722059324
2022-02-15,-5.999999999999983,0.15705747943227688,0.1544249534279828
2022-02-16,-6.999999999999984,0.5763953901713319,0.5737529446227314
2022-02-17,0.0,1.5332253089144618,1.5296493893032892
2022-02-18,-8.999999999999986,1.7137994820038922,1.7097466160329033
2022-02-22,-22.0,1.2403264844413413,1.2367855765174673
2022-02-23,-12.99999999999999,2.1261853156271404,2.1218226861645366
2022-02-24,-9.999999999999986,2.247897522887353,2.242868125597234
2022-02-25,-23.0,-1.186695018773819,-1.1885064208630622
2022-02-28,-5.000000000000004,0.5517254515058516,0.5484854168847759
2022-03-01,14.000000000000012,0.4656692532133333,0.46377335464588687
2022-03-02,7.999999999999985,-1.8636302689065212,-1.8624996092443113
2022-03-03,11.99999999999999,-1.170129545375612,-1.1707944303737734
2022-03-04,26.0,-1.6032145011750174,-1.6032329627184607
2022-03-07,36.00000000000001,-2.9178814654455705,-2.9167264105789084
2022-03-08,28.999999999999982,-3.5742350324569436,-3.5725410483375972
2022-03-09,25.0,-2.9151844461971828,-2.914653134350753
2022-03-10,22.00000000000002,-0.9557993956537719,-0.95720649354858
2022-03-11,14.000000000000012,-0.8134996418218503,-0.8152406962950042
2022-03-14,17.99999999999997,-1.4237223054756072,-1.4249042354816388
2022-03-15,23.0,-1.3797930314539222,-1.3812929526824549
2022-03-16,12.99999999999999,-1.3743845993212847,-1.375654620970149
2022-03-17,13.999999999999968,-0.7410708629142495,-0.7431243062158975
2022-03-18,33.999999999999986,0.035269190484908286,0.03286747177829008
2022-03-21,14.000000000000012,-0.01632950232035446,-0.01856693680221433
2022-03-22,3.000000000000025,0.14008338629858175,0.1377238892102669
2022-03-23,3.000000000000025,-0.017847448833215873,-0.020116810494729576
2022-03-24,-2.0000000000000018,-0.7578537865435868,-0.7585853833541253
2022-03-25,-8.999999999999986,-0.29319317882678075,-0.29425130066649596
2022-03-28,-4.000000000000004,0.37179890730253295,0.3699701419870144
2022-03-29,12.99999999999999,-0.045572588663387315,-0.046971203560056796
2022-03-30,25.99999999999998,0.5627227674983639,0.5607578902525222
2022-03-31,34.00000000000003,0.9011133134633875,0.8990005493217802
2022-04-01,33.00000000000001,0.4714434684258564,0.46985759563873153
2022-04-04,37.000000000000014,0.9853391967793446,0.982917303903113
2022-04-05,18.000000000000014,0.8581995142428691,0.8563717827799772
2022-04-06,9.00000000000003,0.3369016714258992,0.3355230480128438
2022-04-07,16.999999999999993,-0.20430126727921816,-0.20492938784560055
2022-04-08,12.99999999999999,-0.8433129648374212,-0.843084526362462
2022-04-11,14.000000000000012,-1.2300637549167814,-1.2296333272822404
2022-04-12,12.99999999999999,-1.6335231757054356,-1.632223045868531
2022-04-13,19.99999999999997,-1.0641498799755098,-1.0632531541829064
2022-04-14,6.999999999999984,-1.2206824560641296,-1.2195440399563706
2022-04-18,-4.000000000000004,-1.5131264658128896,-1.5117970231638744
2022-04-19,-16.000000000000014,-1.808962330453937,-1.8072982873330745
2022-04-20,-3.000000000000025,-2.4061069010552623,-2.4043460621926642
2022-04-21,-4.999999999999982,-1.8805919074318702,-1.8794055780985532
2022-04-22,-0.9999999999999788,-2.271883539506205,-2.2705673242868767
2022-04-25,18.000000000000014,-1.3631471070214785,-1.3637280181854996
2022-04-26,20.000000000000018,-2.2164557060372228,-2.2142358289670354
2022-04-27,11.000000000000032,-2.7451901597685833,-2.7425494826683634
2022-04-28,19.99999999999997,-2.177368922460104,-2.1758445414160708
2022-04-29,23.0,-1.7589962063480042,-1.7585287175124302
2022-05-02,5.999999999999961,-1.5024753291143131,-1.502710927973088
2022-05-03,2.0000000000000018,-0.48288777928004,-0.48414177475118725
2022-05-04,-2.0000000000000018,0.19087229129777228,0.18884684956912412
2022-05-05,-21.0,-0.32215274783144343,-0.3225225271652057
2022-05-06,-18.999999999999996,1.206764910316724,1.2043849981599488
2022-05-09,-16.999999999999993,0.23466109175045125,0.23281602400338974
2022-05-10,-1.000000000000023,-1.349425932541466,-1.348293797006671
2022-05-11,-2.0000000000000018,-1.133765072599596,-1.1330901164929867
2022-05-12,0.0,-0.7152821330988033,-0.7150084696530397
2022-05-13,-15.000000000000036,-2.292287361088701,-2.288683638128982
2022-05-16,-2.0000000000000018,-1.9811615215929845,-1.9778802755811615
2022-05-17,-22.00000000000002,-2.0283268573838593,-2.024387206943679
2022-05-18,-14.000000000000012,-0.6673566942013128,-0.6661749514384401
2022-05-19,-8.999999999999986,-0.8811683126423137,-0.8799775950352667
2022-05-20,-3.999999999999959,-0.6075477332463238,-0.6062445217800947
2022-05-23,-0.9999999999999788,-0.33230580740377413,-0.33159835018687833
2022-05-24,18.000000000000014,-0.33697591281482336,-0.3361978654352381
2022-05-25,16.999999999999993,-1.212621513137919,-1.2096446868169988
2022-05-26,21.0,-1.5706410668863664,-1.5670355235624394
2022-05-27,29.999999999999982,-1.7167185452928841,-1.7125629597107497
2022-05-31,12.99999999999999,-0.8337004510035173,-0.830748874872176
2022-06-01,8.999999999999986,-1.3503748049290432,-1.3460932851182967
2022-06-02,12.00000000000001,-0.7842425365559494,-0.7816686557987009
2022-06-03,18.999999999999996,-0.054329261281637564,-0.052477481395317715
2022-06-06,39.000000000000014,-0.6974295548793943,-0.6943381503457349
2022-06-07,51.00000000000002,-2.015312092851991,-2.0120235007613165
2022-06-08,30.00000000000003,-1.0947283415343836,-1.0934184993957747
2022-06-09,23.99999999999998,-1.3512566944636888,-1.3495815825306905
2022-06-10,10.000000000000009,-1.2153935080465315,-1.214718186884498
2022-06-13,-12.00000000000001,-0.6314235373900217,-0.6333904383641317
2022-06-14,-33.00000000000001,-1.9494708939500105,-1.9500321833828544
2022-06-15,-24.00000000000002,-2.882165556397949,-2.881051591767558
2022-06-16,-14.999999999999991,-3.5778185999649263,-3.574823384171318
2022-06-17,-4.999999999999982,-1.4492123476537968,-1.4484412719025879
2022-06-21,-10.999999999999988,-1.8482089149637122,-1.8471391254181393
2022-06-22,-6.000000000000005,-1.747590832050065,-1.7462777603592627
2022-06-23,-10.999999999999988,-2.1295612332394267,-2.1273431695362364
2022-06-24,-25.0,-1.660398300069258,-1.6583778571504453
2022-06-27,-38.00000000000004,-1.285534863930201,-1.2838604063165553
2022-06-28,-27.0,-0.5355892948357547,-0.5341531937660936
2022-06-29,-9.00000000000003,-0.8994716118758367,-0.8980919449861486
2022-06-30,10.999999999999988,-0.8559051909881166,-0.8548335725243701
2022-07-01,11.000000000000032,-0.8563465075142926,-0.8552449765098926
2022-07-05,14.000000000000012,-0.3923905344198273,-0.3921674410615653
2022-07-06,-2.0000000000000018,-1.3121930842940652,-1.3109555266004964
2022-07-07,-4.999999999999982,-0.9004105070582848,-0.9002014554842631
2022-07-08,-15.99999999999997,-0.7738548908056309,-0.7735295673721473
2022-07-11,-3.000000000000025,-0.25499535637983484,-0.25534583624342677
2022-07-12,4.999999999999982,-1.9094263830332254,-1.908346940347593
2022-07-13,12.99999999999999,-2.1520413204288693,-2.150659206442664
2022-07-14,-4.999999999999982,-1.2537816580897656,-1.253719121469541
2022-07-15,-16.000000000000014,-1.8087633305529793,-1.808038418641413
2022-07-18,-14.999999999999991,-1.6192274828558273,-1.6190049213733768
2022-07-19,-19.99999999999997,-1.5031627568333574,-1.5027369457136521
2022-07-20,-26.00000000000002,-1.1072851514589945,-1.1073103569054363
2022-07-21,-23.0,-1.4001186489739308,-1.39957175199606
2022-07-22,-10.000000000000009,-1.6244608977711215,-1.623508439496908
2022-07-25,-21.0,-0.6607053577600613,-0.6607557608975058
2022-07-26,-6.000000000000005,-1.1398427101934752,-1.139861235305124
2022-07-27,-4.999999999999982,-1.5187122434033793,-1.5185266326015707
2022-07-28,0.0,-1.4591627282791972,-1.4589915304327847
2022-07-29,16.000000000000014,0.25402246723037036,0.2524204813237104
2022-08-01,16.999999999999993,0.7191115059295188,0.7174466681281924
2022-08-02,4.999999999999982,1.548076659118691,1.5450104262161186
2022-08-03,4.999999999999982,0.22577978380432182,0.22433926394393236
2022-08-04,18.999999999999996,0.13410117648203965,0.13254224901711473
2022-08-05,0.9999999999999788,0.872717074483754,0.8704742899241636
2022-08-08,2.0000000000000018,0.10228037238680568,0.10058909762147863
2022-08-09,2.0000000000000018,0.30996053069555085,0.30851397399219915
2022-08-10,11.000000000000032,0.48237368359736066,0.48062047265626895
2022-08-11,0.9999999999999788,2.5293943434005133,2.5256602359505105
2022-08-12,14.000000000000012,2.001593915791085,1.9986897796965517
2022-08-15,23.99999999999998,1.2155747056118489,1.213339314297798
2022-08-16,23.0,0.37910365159781434,0.3778666907713669
2022-08-17,21.99999999999997,0.1629377171691284,0.16160322078837006
2022-08-18,14.999999999999991,-1.1035346284145273,-1.1032123333347907
2022-08-19,6.000000000000005,-1.9605377531477512,-1.958952574868542
2022-08-22,9.00000000000003,-2.940339434482062,-2.93754725085046
2022-08-23,6.000000000000005,-4.295159486748184,-4.291037648336402
2022-08-24,4.000000000000004,-3.9935306612490753,-3.9893733859307594
2022-08-25,23.0,-3.6924845659385634,-3.688918781482421
2022-08-26,16.000000000000014,-3.576240058409224,-3.572476548625695
2022-08-29,21.0,-5.115839279101205,-5.11109138374403
2022-08-30,16.000000000000014,-6.122839502940539,-6.116911012633498
2022-08-31,14.000000000000012,-5.958678369144496,-5.953222516959382
2022-09-01,7.000000000000028,-5.790835248445308,-5.7854397784851574
2022-09-02,16.999999999999993,-5.628731153018969,-5.624952249811431
2022-09-06,8.999999999999986,-4.5771128975827216,-4.573427277181809
2022-09-07,14.000000000000012,-5.572868551196888,-5.568619723869782
2022-09-08,16.000000000000014,-6.036908902897578,-6.0308347716628266
2022-09-09,12.00000000000001,-5.037608211365815,-5.033190328685338
2022-09-12,12.00000000000001,-4.0053585803340335,-4.001944111516252
2022-09-13,14.999999999999991,-4.51561127724986,-4.510986113914578
2022-09-14,9.999999999999964,-5.777223319801109,-5.771576259130475
2022-09-15,25.0,-5.644012519361765,-5.639114963843406
2022-09-16,23.99999999999998,-4.445882802896053,-4.443302618605372
2022-09-19,38.99999999999997,-3.619318574144026,-3.6183917284225546
2022-09-20,40.00000000000004,-4.7292388573111035,-4.725425126335516
2022-09-21,21.000000000000043,-5.0298942318679405,-5.026516643559193
2022-09-22,5.999999999999961,-5.10821027576158,-5.10544963445146
2022-09-23,14.000000000000012,0.18020305581253548,0.17778088012471163
2022-09-26,-21.0,0.15254200262238382,0.14904661951248713
2022-09-27,-35.00000000000001,-1.3271001342478872,-1.3281129764099948
2022-09-28,3.999999999999959,-1.0568168944503609,-1.0584385599719042
2022-09-29,7.000000000000028,-1.6627856184160144,-1.662945567998775
2022-09-30,6.000000000000005,-0.5101346960394547,-0.5124490711577874
2022-10-03,26.00000000000002,-0.3560430310160928,-0.3587584336568328
2022-10-04,29.000000000000004,-0.594898551085686,-0.5963360896369125
2022-10-05,21.000000000000043,-0.06163138477099672,-0.0632511066076111
2022-10-06,16.999999999999993,-0.5813605003091196,-0.5822018250274188
2022-10-07,12.999999999999943,-0.5545949130930529,-0.5557286896376372
2022-10-11,7.999999999999963,-0.3392001358705523,-0.34116920673192364
2022-10-12,22.999999999999957,-1.430557407587075,-1.4306579684529541
2022-10-13,27.0,-1.8746699860624974,-1.8742020204107126
2022-10-14,21.0,-0.8898379242438427,-0.8909177963988071
2022-10-17,23.000000000000043,-1.3146386859582182,-1.315156816749003
2022-10-18,8.999999999999986,-1.7600562237461013,-1.7590950651508042
2022-10-19,-9.999999999999964,-2.2707960068199724,-2.2688941593735183
2022-10-20,-28.000000000000025,-2.259368616715993,-2.257801209341648
2022-10-21,-19.00000000000004,-1.9217266741939176,-1.9204145443332385
2022-10-24,-15.000000000000036,-2.3571783034447953,-2.354556920915428
2022-10-25,-2.999999999999936,-2.9692794101139537,-2.9642346799182135
2022-10-26,5.999999999999961,-2.3811026723129673,-2.3767491868857147
2022-10-27,17.99999999999997,-1.3643361455804601,-1.3610988181942627
2022-10-28,15.000000000000036,-1.8107392096164778,-1.8066458509315604
2022-10-31,12.00000000000001,-1.5637872215083473,-1.5605546260588272
2022-11-01,6.99999999999994,-1.507010619649093,-1.504296026891133
2022-11-02,2.000000000000046,-0.342592091266382,-0.3416594000823069
2022-11-03,-31.999999999999982,0.4965660896692732,0.4961065728929375
2022-11-04,-29.000000000000004,0.5106882476817716,0.5103654330100846
2022-11-07,-41.99999999999999,1.3251670942110514,1.324384830461332
2022-11-08,-46.99999999999997,2.6298244073083965,2.62746992788467
2022-11-09,-35.00000000000001,3.4704093642626326,3.4669527885349094
2022-11-10,0.0,2.2813483203674108,2.2790040663498625
2022-11-14,-4.999999999999982,2.6658290810295124,2.6636957136255877
2022-11-15,-4.000000000000004,3.0783039684048745,3.0760597193661265
2022-11-16,4.000000000000004,3.2900515804478574,3.2872831316779925
2022-11-17,-8.999999999999986,3.2260881804869466,3.2226981735329456
2022-11-18,-12.99999999999999,2.4774421754384264,2.475122220786899
2022-11-21,-8.000000000000007,2.4747308265488157,2.472474419808647
2022-11-22,-7.999999999999963,1.2529121843701594,1.2528474610778209
2022-11-23,-18.000000000000014,1.6022891583396295,1.6016405472836421
2022-11-25,-17.000000000000036,0.7264058566304372,0.7258444555120036
2022-11-28,-8.999999999999986,0.7651745934142731,0.764504745096715
2022-11-29,-24.00000000000002,0.7756897459223838,0.774661462266721
2022-11-30,-26.00000000000002,0.6411692884116384,0.6402614367101064
2022-12-01,-4.999999999999982,0.22917846319915097,0.22874138215738382
2022-12-02,6.000000000000005,0.674144081743417,0.6735181077462181
2022-12-05,0.9999999999999788,0.6408794915583078,0.640272218888194
2022-12-06,0.0,0.8108393812220478,0.8098761047793034
2022-12-07,7.000000000000028,0.6175473529279707,0.6168334028668008
2022-12-08,-4.000000000000004,0.7545674631077888,0.7536612875561999
2022-12-09,-8.999999999999986,0.8889977833426921,0.8879369848043532
2022-12-12,-4.000000000000004,0.7688580831729368,0.768027209269181
2022-12-13,18.000000000000014,0.9690547895588808,0.967813112825848
2022-12-14,18.999999999999996,0.4121053352688794,0.4120304103913055
2022-12-15,23.0,0.3122302996645196,0.31205897579326763
2022-12-16,27.0,0.12597898733871477,0.1257449013346843
2022-12-19,27.0,-0.41707937086280517,-0.41616210656305797
2022-12-20,18.999999999999996,-0.27019037087621495,-0.2694774894454832
2022-12-21,14.999999999999991,-0.5427628705972913,-0.5412785567448664
2022-12-22,21.0,-1.0905083479265172,-1.0882628688762082
2022-12-23,4.000000000000004,-0.4630124189541485,-0.46177957672637293
2022-12-27,-14.999999999999991,0.39665566501724786,0.396725864319686
2022-12-28,-16.999999999999993,0.33733856433919934,0.3379533991886085
2022-12-29,-28.000000000000025,0.38110721066621167,0.3816953647298586
2022-12-30,-35.00000000000001,0.7569136156205631,0.7566902391859405
2023-01-03,-18.000000000000014,1.7237252486297963,1.7220889123782797
2023-01-04,-14.999999999999991,0.378094169030999,0.3776875922176491
2023-01-05,-27.99999999999998,0.32889088336747185,0.3286037848844531
2023-01-06,-5.999999999999961,-0.35095597285608854,-0.35047138872123346
2023-01-09,0.0,-0.49856453418267005,-0.4972363957039107
2023-01-10,-23.99999999999998,0.46660745708174267,0.46717096082778187
2023-01-11,-14.999999999999991,-0.1446667636602899,-0.1435201450829905
2023-01-12,4.999999999999982,0.032299071593977435,0.033169296234918155
2023-01-13,2.9999999999999805,-0.11878103644605259,-0.11770902849716774
2023-01-17,-6.999999999999984,0.11514230614610571,0.11546450686738025
2023-01-18,8.999999999999986,-0.3569908451552755,-0.355704224091192
2023-01-19,10.000000000000009,-0.13197967495066815,-0.13131374319331574
2023-01-20,4.000000000000004,-0.32281944543917135,-0.3223572189815485
2023-01-23,2.9999999999999805,-0.34151870202810136,-0.3409551802277396
2023-01-24,6.000000000000005,0.11299047780194271,0.11295128974427349
2023-01-25,-6.999999999999984,-0.43912475134692036,-0.43827097505282847
2023-01-26,-9.00000000000003,-0.40032837513007596,-0.399617170683696
2023-01-27,0.9999999999999788,-0.1536811209785558,-0.153277138260641
2023-01-30,8.000000000000007,-0.20764301680698555,-0.20702485836653867
2023-01-31,14.999999999999991,0.5068650032819915,0.5062599136771635
2023-02-01,23.99999999999998,0.11613544895289846,0.11582291446461279
2023-02-02,27.0,-0.19603085112946372,-0.1959687054713684
2023-02-03,21.000000000000043,-0.2583298780941239,-0.2579605851561357
2023-02-06,9.00000000000003,0.0034652820147422214,0.002916783161990899
2023-02-07,10.000000000000009,0.19262837973929675,0.1915494480298111
2023-02-08,18.000000000000014,0.11206069942983188,0.11100389495501628
2023-02-09,18.999999999999996,0.4292059302190472,0.42752696005148916
2023-02-10,7.999999999999963,0.6900667819926567,0.6880713480735984
2023-02-13,23.0,0.32117781483239627,0.3196107527650811
2023-02-14,16.000000000000014,0.5773044930717299,0.5751921943528571
2023-02-15,6.999999999999984,0.9892663835142084,0.986262705086333
2023-02-16,9.00000000000003,0.6347947211098437,0.6320568962353814
2023-02-17,10.000000000000009,0.6808729075499413,0.6783264795970387
2023-02-21,-3.000000000000025,0.44707685706726147,0.4446481331952104
2023-02-22,7.999999999999963,1.1025077342536602,1.0994645522220425
2023-02-23,20.000000000000018,0.5305262357923459,0.5282679453074342
2023-02-24,2.0000000000000018,0.09110282943082598,0.08912271631981797
2023-02-27,6.000000000000005,0.6258840503930686,0.6227095072798959
2023-02-28,5.000000000000027,1.1057395558635184,1.1020858242413278
2023-03-01,-2.9999999999999805,1.1483537715632877,1.1442644239102648
2023-03-02,-14.999999999999991,2.187024231247681,2.1822720338043506
2023-03-03,-27.0,0.7164624914446218,0.7140023668180051
2023-03-06,-43.000000000000014,0.9918115998543836,0.9893073582402174
2023-03-07,-33.00000000000001,1.2939862443241776,1.291116340657608
2023-03-08,-47.00000000000002,1.0211625902886685,1.018397551977023
2023-03-09,-37.000000000000014,0.7277604961639546,0.725423646135672
2023-03-10,-31.000000000000007,0.22442567722561851,0.22270677821417295
2023-03-13,-7.999999999999963,-1.2597911744792984,-1.2597445865028114
2023-03-14,-5.000000000000027,-3.901584936801357,-3.896842281946596
2023-03-15,-2.9999999999999805,-2.805461894876718,-2.802169748349087
2023-03-16,-18.000000000000014,-3.9594960853725523,-3.9546443346422304
2023-03-17,-1.000000000000023,-2.615754740983209,-2.6126126262956655
2023-03-20,5.999999999999961,-2.8226238351571684,-2.819339584194489
2023-03-21,-4.000000000000004,-3.2335771125822452,-3.229014870817057
2023-03-22,8.999999999999986,-2.133235888305969,-2.130754134100641
2023-03-23,16.999999999999993,-2.9196286398465343,-2.915745637106512
2023-03-24,10.000000000000009,-1.7903167444043102,-1.7867725336072806
2023-03-27,-9.999999999999964,-1.699830829791485,-1.6952409186561783
2023-03-28,-19.99999999999997,-1.3511620045951547,-1.3470106542329785
2023-03-29,-27.0,1.04846017422603,1.0488284295190995
2023-03-30,-25.0,0.8497548857121072,0.8502072316452093
2023-03-31,-8.999999999999986,0.5765488398099515,0.5775329380886477
2023-04-03,-2.0000000000000018,0.34821804450240224,0.3492772189360728
2023-04-04,8.000000000000007,0.8935673821105151,0.8944298680783869
2023-04-05,11.000000000000032,0.859020015908739,0.860043489063163
2023-04-06,15.000000000000036,0.49535222260304324,0.4965834176713898
2023-04-07,12.99999999999999,0.8334166899935341,0.8344156675447286
2023-04-10,18.999999999999996,0.8260356206095051,0.8265811048555539
2023-04-11,14.999999999999991,-0.0758331562382007,-0.07441404395156728
2023-04-12,18.999999999999996,0.03843478217904228,0.03959454439413426
2023-04-13,8.999999999999986,0.32530385574403897,0.32623937621260357
2023-04-14,4.999999999999982,0.3083672145824551,0.3094989797901674
2023-04-17,-8.000000000000007,0.17356064003021676,0.17451920597902962
2023-04-18,-18.000000000000014,-0.0424467942447983,-0.04129901763711738
2023-04-19,-16.999999999999993,0.3166991569876596,0.3174518449290026
2023-04-20,-1.000000000000023,0.20728314658079783,0.20783630007327628
2023-04-21,-12.99999999999999,0.4611071549490612,0.4613808232887693
2023-04-24,6.999999999999984,0.3480594076923017,0.3482128018317415
2023-04-25,4.000000000000004,0.0032704951072384247,0.0039218860460827065
2023-04-26,-5.000000000000027,-0.8239837842897629,-0.8218898801012683
2023-04-27,-15.99999999999997,-0.43417521074281734,-0.4328329585791909
2023-04-28,0.0,-0.11177430638891145,-0.11103486284867714
2023-05-01,-6.999999999999984,-0.35391086425234625,-0.35340643124772
2023-05-02,8.999999999999986,-0.13698521492334903,-0.13612443881794856
2023-05-03,5.000000000000027,-0.9134547063015106,-0.9121753849437889
2023-05-04,2.0000000000000018,-0.19500899850091225,-0.1943845233139263
2023-05-05,2.0000000000000018,0.017758432481214725,0.018897309076597257
2023-05-08,-2.0000000000000018,1.222322354154345,1.2219277202213092
2023-05-09,1.000000000000023,1.054061481454385,1.0537634414216366
2023-05-10,13.999999999999968,0.7244562660395235,0.7242708622314172
2023-05-11,25.99999999999998,0.4905037891036014,0.49057695774484267
2023-05-12,24.00000000000002,-0.3582998872068249,-0.3576133960650004
2023-05-15,22.00000000000002,-0.8435031588199584,-0.8425211403610718
2023-05-16,16.000000000000014,-0.09800012019060811,-0.09789316051783303
2023-05-17,16.000000000000014,0.7454475247255334,0.7444374116640038
2023-05-18,18.000000000000014,-0.5093415465718141,-0.5092036176481046
2023-05-19,9.999999999999964,-1.3793052872742,-1.3784790974874803
2023-05-22,-3.000000000000025,-0.5403027262577922,-0.5405341091190156
2023-05-23,-6.000000000000005,-1.3796510198224612,-1.3788357871728838
2023-05-24,-12.00000000000001,-0.6073871152755039,-0.6074604069100831
2023-05-25,-14.000000000000012,0.16577984745236463,0.16473492006302543
2023-05-26,-10.999999999999988,1.3497403502253158,1.3473446441733663
2023-05-30,1.000000000000023,1.5607030473737333,1.5578276406661729
2023-05-31,14.999999999999991,-0.15808619474747976,-0.15852142544951225
2023-06-01,12.00000000000001,-1.3629754039252402,-1.362347513578557
2023-06-02,6.000000000000005,0.3006590809345122,0.30047807853688074
2023-06-05,4.000000000000004,0.8116314875645511,0.8106616079513691
2023-06-06,13.999999999999968,0.7863760545162991,0.7854950729217847
2023-06-07,4.000000000000004,0.7730888907275419,0.7721325670249696
2023-06-08,-0.9999999999999788,0.9071037560091337,0.9058869767073505
2023-06-09,2.0000000000000018,1.3247624686448145,1.3231884582286169
2023-06-12,1.000000000000023,1.6108354350105105,1.6087278207287865
2023-06-13,-11.999999999999966,1.3082200063008598,1.3064014841928546
2023-06-14,-3.000000000000025,2.6465180030286515,2.643526198616117
2023-06-15,2.0000000000000018,2.4618450925044213,2.4589588257847415
2023-06-16,-4.999999999999982,3.307890475558094,3.3044026063831304
2023-06-20,2.9999999999999805,2.7912239082546746,2.7880752735115917
2023-06-21,-1.000000000000023,1.946901569318482,1.9447360398433664
2023-06-22,5.000000000000027,1.5444988750969408,1.5426864805946507
2023-06-23,6.999999999999984,2.01806573387405,2.015672791992868
2023-06-26,13.999999999999968,1.428888392160337,1.4271927197354886
2023-06-27,18.000000000000014,1.043922060781093,1.0430031533946698
2023-06-28,33.999999999999986,1.5762424702324116,1.5747799621573053
2023-06-29,20.99999999999995,1.0337148848515012,1.032830125705328
2023-06-30,19.99999999999997,1.3111442637281088,1.3097617189843227
2023-07-03,13.000000000000034,1.2362582999761622,1.2350156253300844
2023-07-05,-9.00000000000003,1.6856284404592559,1.6838658940266389
2023-07-06,-29.000000000000004,1.8370600537854445,1.8352012835076374
2023-07-07,-22.999999999999957,1.5308413445860323,1.5292143363452673
2023-07-10,-19.99999999999997,2.0562921468898363,2.0544286460944448
2023-07-11,-19.00000000000004,1.7767613502542643,1.7752899742365686
2023-07-12,-10.999999999999988,2.044213025024902,2.0424611404585375
2023-07-13,9.00000000000003,2.039079197220155,2.0375819207681647
2023-07-14,0.9999999999999788,2.0918786151410798,2.090674411688527
2023-07-17,4.999999999999982,2.1338290120200285,2.132243492190627
2023-07-18,11.000000000000032,1.9925606040294923,1.9910563954129952
2023-07-19,10.999999999999988,1.7683134638127347,1.7670523640789972
2023-07-20,15.99999999999997,1.2281264644711247,1.2271242961618967
2023-07-21,12.00000000000001,1.410304828272194,1.4091709443620868
2023-07-24,11.000000000000032,0.6495325231388718,0.6489499652863508
2023-07-25,13.999999999999968,0.6714800351580947,0.6709918402237358
2023-07-26,22.00000000000002,1.0324971311066902,1.0318327445350826
2023-07-27,19.00000000000004,0.5609706036752793,0.5607685268399191
2023-07-28,8.999999999999986,1.3825585595050476,1.3819003545662092
2023-07-31,11.999999999999966,0.8832113121343775,0.8831133980626678
2023-08-01,-3.000000000000025,0.2549854676040447,0.2553623696467531
2023-08-02,-8.000000000000007,0.08105594187238441,0.08149942251334596
2023-08-03,-11.000000000000032,-0.2801953233854456,-0.27988022615662433
2023-08-04,11.000000000000032,-0.6837106938803188,-0.6830309609243957
2023-08-07,10.000000000000052,-0.3316148016987983,-0.33149498248270914
2023-08-08,19.00000000000004,-1.0315911245787472,-1.0306965583183678
2023-08-09,28.000000000000025,-1.2097800205600218,-1.2089254866839818
2023-08-10,21.0,-1.0055646965701808,-1.005090485187707
2023-08-11,9.999999999999964,-0.484285604348768,-0.4841200222720804
2023-08-14,14.999999999999948,-1.095984161834417,-1.0953375130363137
2023-08-15,12.99999999999999,-1.73599480054813,-1.734877663462476
2023-08-16,-8.999999999999986,-0.9672141358163497,-0.9667186416905699
2023-08-17,-6.99999999999994,-1.7797025628569971,-1.7786896350937509
2023-08-18,-0.9999999999999788,-1.7985002723798968,-1.797613954852439
2023-08-21,-13.999999999999968,-2.0353418281692877,-2.0343487283057407
2023-08-22,-21.99999999999997,-2.0838753831225576,-2.082789078061076
2023-08-23,-7.000000000000028,-1.755690439002772,-1.7545932864436518
2023-08-24,-14.000000000000057,-1.7271040864200173,-1.7259845151351403
2023-08-25,-7.000000000000028,-0.32618981601277963,-0.3259058661679922
2023-08-28,6.99999999999994,0.43159886526898106,0.4317853641319349
2023-08-29,17.99999999999997,0.20343120626617683,0.20350853572131455
2023-08-30,14.999999999999948,0.20903585657703005,0.20927926646401085
2023-08-31,16.999999999999993,0.34255881648808584,0.34272567472650417
2023-09-01,11.000000000000032,0.44680014459736306,0.44706001799012474
2023-09-05,0.0,0.7488546405909187,0.7490764159448458
2023-09-06,-4.999999999999982,0.3899586651411968,0.39015144643841126
2023-09-07,2.000000000000046,-0.23535306929524968,-0.23476954541700934
2023-09-08,7.000000000000028,0.34454287249672144,0.344911041626103
2023-09-11,3.000000000000025,-0.1902162220285435,-0.18957963324015936
2023-09-12,10.000000000000052,4.537776154567297e-05,0.0005909087378640487
2023-09-13,9.999999999999964,0.29905762001398317,0.299323942278758
2023-09-14,20.000000000000018,0.01434704210291382,0.014759524456914974
2023-09-15,11.000000000000032,0.13771608294383197,0.1380460021643467
2023-09-18,22.999999999999957,1.0900015696474565,1.0898641655126884
2023-09-19,18.99999999999995,0.9236001051849929,0.9232223234063436
2023-09-20,26.000000000000068,0.9228301058271251,0.9225343159701652
2023-09-21,9.999999999999964,0.8286628541767771,0.8279133351532353
2023-09-22,14.999999999999948,0.3812477656956019,0.38162900605487626
2023-09-25,14.000000000000057,0.6087849445024558,0.60860268285337
2023-09-26,25.0,0.07643380965202562,0.07719111685142949
2023-09-27,12.00000000000001,0.43428933348859655,0.4346974707518587
2023-09-28,12.99999999999999,0.5058094589043395,0.50601080360935
2023-09-29,19.00000000000004,0.4505062508950187,0.45064268399079155
2023-10-02,-3.000000000000025,-0.1921401605520633,-0.1916134157166478
2023-10-03,-22.999999999999957,0.8347750806279147,0.8346458009923412
2023-10-04,-3.000000000000025,1.0509196490089971,1.0502865736730211
2023-10-05,-8.999999999999986,0.8236049985319557,0.8231890656191128
2023-10-06,-7.000000000000028,1.219641697182261,1.218856851328358
2023-10-10,16.999999999999993,1.1465217019242648,1.1458032353569474
2023-10-11,33.00000000000001,1.4434224890884382,1.4427161011721734
2023-10-12,28.000000000000025,1.2347471986352034,1.2341558295399302
2023-10-13,29.999999999999982,1.5713003655885878,1.5703566274544323
2023-10-16,15.000000000000036,1.2619704553917477,1.261153819177436
2023-10-17,0.0,1.6111000303721368,1.6099970972044435
2023-10-18,4.000000000000004,1.8571397142402981,1.8558891164056956
2023-10-19,-12.00000000000001,0.771692115643852,0.7712355528179333
2023-10-20,-8.999999999999986,1.1161962500496267,1.1152736268023349
2023-10-23,1.9999999999999571,1.1724604635890539,1.1712207246456543
2023-10-24,4.999999999999982,0.9750635961341518,0.9742187928448967
2023-10-25,-18.00000000000006,0.873887068590501,0.8733124542241477
2023-10-26,-19.00000000000004,0.8764131601503028,0.8757891040773008
2023-10-27,-26.99999999999996,1.7260684985140213,1.725342259569381
2023-10-30,-21.0,1.9474771327395075,1.9462699909286238
2023-10-31,-29.999999999999982,1.6419539378965462,1.6410624048164377
2023-11-01,-27.999999999999936,1.9860490273887863,1.9850414915029309
2023-11-02,-4.999999999999982,1.447922353150087,1.4471999364673815
2023-11-03,4.000000000000004,1.9987633126536926,1.997904956281723
2023-11-06,-4.000000000000004,2.23193532842626,2.230991459103574
2023-11-07,-13.999999999999968,2.5027164423232766,2.501597581483659
2023-11-08,4.000000000000004,2.1353373073458357,2.1345163862202305
2023-11-09,-16.999999999999993,1.716113959305508,1.7152740742282464
2023-11-10,-16.999999999999993,2.291658569521864,2.2903530004187966
2023-11-13,-21.0,1.7457006550408107,1.7449757802521608
2023-11-14,-3.000000000000025,1.657423386034558,1.6569863759045171
2023-11-15,-11.000000000000032,2.135281867746077,2.1345132071982613
2023-11-16,1.9999999999999571,2.8220382735002105,2.8209266263461608
2023-11-17,-5.000000000000071,2.81764428326482,2.81650604611365
2023-11-20,-8.000000000000007,2.52420948405223,2.5232930063994896
2023-11-21,-14.000000000000057,2.0683629901938616,2.067825586058027
2023-11-22,-4.999999999999982,2.187120457344227,2.1864651652611258
2023-11-24,-25.0,1.740213058024834,1.7401314036887507
2023-11-27,-10.999999999999943,2.8532227577897857,2.8522873391224577
2023-11-28,-16.000000000000014,2.1289343936567215,2.128216009557643
2023-11-29,-14.999999999999948,1.906202088461906,1.905571243901487
2023-11-30,-23.000000000000043,1.0861774267313409,1.0861848839991515
2023-12-01,1.0000000000000675,1.6761091081013755,1.6758143278993196
2023-12-04,-4.999999999999982,2.8538801460359755,2.85286621434006
2023-12-05,2.000000000000046,2.005826245402031,2.0053393843013794
2023-12-06,-8.000000000000007,1.0882939572871528,1.0883945705320823
2023-12-07,-21.99999999999997,0.8891552537199686,0.8891980311631053
2023-12-08,-32.00000000000003,0.9661113421764107,0.966135292570944
2023-12-11,-28.000000000000025,1.0458696085954133,1.0457227426780527
2023-12-12,-27.0,0.7074164760192048,0.7074638795077803
2023-12-13,-18.000000000000014,0.5889476447466455,0.5889841639809625
2023-12-14,-2.9999999999999805,0.012243487422902377,0.013073681127483305
2023-12-15,-1.000000000000023,1.1907790248541144,1.1908436035913261
2023-12-18,-6.000000000000005,1.8096460036553264,1.8090237042072035
2023-12-19,-14.000000000000012,1.271355225592997,1.2711342733610926
2023-12-20,-2.0000000000000018,0.9436620390004737,0.9435938323990125
2023-12-21,-1.000000000000023,0.8412301746481999,0.8409685746795287
2023-12-22,5.000000000000027,0.950720810662611,0.9504945984851921
2023-12-26,2.0000000000000018,1.0892855672437092,1.0891693628896588
2023-12-27,20.000000000000018,1.155049487481803,1.1550795947367343
2023-12-28,21.0,0.4223492186041621,0.42261882091584835
2023-12-29,12.99999999999999,0.334207697147746,0.3344593682664593
2024-01-02,6.99999999999994,-1.7308278959195016,-1.7288066959574446
2024-01-03,12.99999999999999,1.245445504890437,1.2452911305796357
2024-01-04,-1.000000000000023,0.9237973288577723,0.9234138633811265
2024-01-05,-8.999999999999986,0.8293983383379949,0.8291679195755101
2024-01-08,6.00000000000005,0.5238975857643975,0.5240084480515026
2024-01-09,8.000000000000007,0.36442439413232797,0.3646604652992089
2024-01-10,9.999999999999964,0.16503142944156923,0.16552313589601608
2024-01-11,17.000000000000036,-0.05810174235174598,-0.057266845768460306
2024-01-12,15.000000000000036,0.13625497797908537,0.13704427185314727
2024-01-16,6.99999999999994,0.3868361467841759,0.38766808569938005
2024-01-17,8.000000000000007,0.7936085972935683,0.7938749993585207
2024-01-18,0.0,0.6514066835104684,0.6514310556471531
2024-01-19,0.0,0.5056530957817044,0.5058069961750444
2024-01-22,-3.000000000000025,0.27555860316572567,0.2759107959060575
2024-01-23,-8.000000000000007,-0.027069801393003856,-0.02652357555693252
2024-01-24,-18.99999999999995,0.17670040537742726,0.17706462575258097
2024-01-25,-26.99999999999996,0.6080814101550405,0.6080454104621975
2024-01-26,-12.00000000000001,0.8400214927870027,0.8400308493283907
2024-01-29,8.999999999999986,0.7219230577139747,0.721941593258936
2024-01-30,3.000000000000025,0.44233972554103107,0.44241184708817
2024-01-31,9.999999999999964,0.2220346511442245,0.22218595078131198
2024-02-01,28.000000000000025,0.20146319105223187,0.2015056461565306
2024-02-02,13.999999999999968,0.46225123217850417,0.4620088037407643
2024-02-05,0.0,0.40402250399666506,0.40396893643021764
2024-02-06,21.99999999999997,0.20091847896199622,0.20111853279209835
2024-02-07,17.99999999999997,0.10375437085272804,0.10394628830667962
2024-02-08,8.999999999999986,0.0785648225753971,0.07853204706590011
2024-02-09,12.99999999999999,0.2910330180166298,0.2908350043279196
2024-02-12,9.999999999999964,-0.07570155890392333,-0.0756804760871978
2024-02-13,1.0000000000000675,0.04403909119083249,0.044040966413796456
2024-02-14,6.00000000000005,0.5239544835853123,0.523525506270403
2024-02-15,1.9999999999999571,-0.12208637191011773,-0.1220137432461505
2024-02-16,-1.9999999999999571,1.0402904422813812,1.0394703039983515
2024-02-20,4.000000000000004,-0.034828970651919255,-0.034938517365097954
2024-02-21,-5.000000000000071,0.2896763475942077,0.2892585553277052
2024-02-22,-8.000000000000007,-0.311843418461781,-0.31182218373739096
2024-02-23,-6.99999999999994,-0.4031458394007359,-0.4029837264234621
2024-02-26,-6.00000000000005,0.31673461774737416,0.31633852744931623
2024-02-27,-17.99999999999997,0.4724598626638751,0.47181185927188674
2024-02-28,-15.999999999999924,0.8286831771069596,0.8278587215680444
2024-02-29,-16.000000000000014,-0.11069732104617552,-0.11085244561649271
2024-03-01,-10.000000000000052,1.308520270293203,1.3075046136307453
2024-03-04,-12.00000000000001,1.4906269659031959,1.4895598664170122
2024-03-05,3.000000000000025,1.4719444877182963,1.4707312553397776
2024-03-06,8.000000000000007,1.18271958571116,1.1815808507918777
2024-03-07,20.000000000000018,1.3497370153182855,1.3484573379400673
2024-03-08,21.99999999999997,1.882625269655384,1.8810182643928877
2024-03-11,24.00000000000002,1.8708006322322268,1.869242945554189
2024-03-12,13.999999999999968,1.2084210137739313,1.2071733278360937
2024-03-13,7.999999999999918,0.8005423194571133,0.799753754354386
2024-03-14,-2.000000000000046,0.31656719697491886,0.3160510680182045
2024-03-15,-8.999999999999986,1.1144604077645806,1.1136334308367786
2024-03-18,-8.999999999999986,1.9300859979906033,1.9288604281703559
2024-03-19,-5.999999999999961,1.4315656646822401,1.4307344958208803
2024-03-20,-6.99999999999994,0.6128423207266631,0.6126677641271425
2024-03-21,-6.99999999999994,-0.23097203614709888,-0.2304637593515258
2024-03-22,11.000000000000032,0.1679195520675668,0.1681675600823867
2024-03-25,11.000000000000032,-0.522314053273893,-0.5216632546169317
2024-03-26,12.00000000000001,-0.1353578484021039,-0.13445742660659882
2024-03-27,10.999999999999943,0.015488948962067817,0.016119807621817916
2024-03-28,18.99999999999995,-0.24427363879956993,-0.24361672972913367
2024-04-01,8.999999999999986,-1.8526272756998778,-1.8511607446994076
2024-04-02,0.0,0.8490498961435362,0.8486557863826985
2024-04-03,18.99999999999995,1.2774683745169424,1.276912863060942
2024-04-04,25.0,1.0454767024107128,1.0453057856404941
2024-04-05,11.000000000000032,1.769770715256876,1.768814659942702
2024-04-08,21.0,1.3808079946040912,1.3801598446511743
2024-04-09,30.99999999999996,0.7434677188499792,0.7431883067012777
2024-04-10,4.000000000000004,0.45591803300891204,0.45580096346809723
2024-04-11,8.000000000000007,-0.2167391690720682,-0.21681923035195633
2024-04-12,12.00000000000001,-0.573011290379424,-0.5724915939317556
2024-04-15,-0.9999999999999788,0.13682200121056493,0.13669087319671885
2024-04-16,-5.999999999999961,2.180928391906736,2.1799623859272312
2024-04-17,6.00000000000005,0.535926145487122,0.535970338178628
2024-04-18,6.00000000000005,-0.5824377607606273,-0.5819971070647878
2024-04-19,4.999999999999982,-0.641483846483127,-0.6410057427938773
2024-04-22,0.9999999999999788,0.29307691678860553,0.29295773859495594
2024-04-23,8.000000000000007,-0.017338644555173477,-0.017247327348308417
2024-04-24,-2.000000000000046,-0.34184649164415465,-0.34085984007377074
2024-04-25,-12.00000000000001,-0.3284944545081448,-0.32765173484961646
2024-04-26,-16.999999999999993,-0.4381593965682385,-0.4373909098238397
2024-04-29,-13.999999999999968,-0.8137049437699799,-0.8127984544504472
2024-04-30,-22.000000000000064,-0.8705448673573808,-0.869776112228337
2024-05-01,-14.999999999999948,-0.6610449978151314,-0.6604748688238178
2024-05-02,-12.99999999999999,0.006583295756672158,0.006988832180899185
2024-05-03,0.0,0.06833663725576211,0.06880869771494813
2024-05-06,-0.9999999999999788,-0.42351692375415306,-0.4229336952644651
2024-05-07,-1.9999999999999571,-0.7289309709870904,-0.7282251176680583
2024-05-08,-12.00000000000001,-1.1458074889146204,-1.1448438442046467
2024-05-09,-7.000000000000028,-1.4421786960400254,-1.4412175696103269
2024-05-10,-8.000000000000007,-1.0513820554357562,-1.0506005153196971
2024-05-13,-4.000000000000004,-1.59760111294043,-1.5966958168715533
2024-05-14,-4.000000000000004,-1.5087072493486207,-1.507893208329065
2024-05-15,6.99999999999994,-1.0414274290979497,-1.0407936885105775
2024-05-16,8.999999999999986,-0.7167327692354393,-0.716314896588911
2024-05-17,4.000000000000004,-0.006776070917704713,-0.006850145474939451
2024-05-20,9.999999999999964,-0.5142236880338082,-0.5141561305051676
2024-05-21,20.000000000000018,-0.9674774210620534,-0.966918853553002
2024-05-22,12.00000000000001,-1.1931935159292242,-1.1927012133377788
2024-05-23,4.000000000000004,-1.302702302265401,-1.3021065973351102
2024-05-24,-4.999999999999982,-0.7884786983813254,-0.7880835069949403
2024-05-28,-21.0,0.2788746337219794,0.2784573541127395
2024-05-29,-32.00000000000003,1.3768287194687576,1.3761370899925724
2024-05-30,-26.99999999999996,1.0272441777484058,1.0266270494061194
2024-05-31,-8.000000000000007,0.9748605925199352,0.974359317582759
2024-06-03,5.999999999999961,0.9794519502747532,0.9790334899099449
2024-06-04,5.999999999999961,1.5959428908461453,1.5951808810339247
2024-06-05,1.9999999999999571,0.5947049517364982,0.594271466545033
2024-06-06,-4.000000000000004,0.8394025749354164,0.8385747749936969
2024-06-07,-22.999999999999957,0.5009340381957705,0.5005307862701074
2024-06-10,-18.99999999999995,-0.8661767441976156,-0.8654556943600251
2024-06-11,-16.999999999999993,-1.3602691903062634,-1.359076402653997
2024-06-12,-5.999999999999961,-1.286194970042206,-1.285267142009616
2024-06-13,0.9999999999999788,-2.6046354325172585,-2.6029338764653684
2024-06-14,4.999999999999982,-2.276202547866108,-2.2748704944230105
2024-06-17,-4.999999999999982,-1.0925766445232328,-1.0922956619868158
2024-06-18,10.000000000000052,0.6301564053082629,0.629456990400832
2024-06-20,4.000000000000004,-0.2907221687788128,-0.29078917836357804
2024-06-21,11.000000000000032,-0.20872350863533823,-0.20893426160620704
2024-06-24,23.000000000000043,-0.9689249213783802,-0.9687227932585663
2024-06-25,19.99999999999993,-1.0249985116565161,-1.0246976764423772
2024-06-26,4.000000000000004,-1.202820185499793,-1.2021033035404658
2024-06-27,-0.9999999999999788,-1.3278928027275363,-1.3268747281356776
2024-06-28,-8.000000000000007,-2.165427360316078,-2.1640101554370723
2024-07-01,-18.00000000000006,-2.9330349971581784,-2.9308405287369355
2024-07-02,-14.999999999999948,0.905846437754009,0.9060413328287282
2024-07-03,-16.000000000000014,0.0005691323282431826,0.0010959287625150749
2024-07-05,-10.000000000000052,-0.2168215102241008,-0.216256376331468
2024-07-08,-4.999999999999982,0.32125753279960606,0.32154571232932216
2024-07-09,-12.99999999999999,-0.10454149499713361,-0.10406151093804783
2024-07-10,-12.00000000000001,0.3428278461236826,0.34300507797245744
2024-07-11,0.0,0.5924712216209177,0.5923561615272375
2024-07-12,7.000000000000028,1.1510746499403985,1.1507550296375613
2024-07-15,2.999999999999936,1.1113702880959702,1.1112210743777218
2024-07-16,8.000000000000007,1.705972255065459,1.705472087270076
2024-07-17,12.00000000000001,1.4868310667649025,1.4863916366534315
2024-07-18,6.99999999999994,2.428962662991493,2.4278037801479684
2024-07-19,-4.999999999999982,2.5457926576924352,2.5444065903392867
2024-07-22,-8.999999999999986,2.5557863145997155,2.554421209246572
2024-07-23,-9.999999999999964,1.7040872825498878,1.7032432213784383
2024-07-24,-19.00000000000004,1.8505165560117087,1.8497772081651163
2024-07-25,-27.999999999999936,2.614129102478934,2.612570090660888
2024-07-26,-40.00000000000004,2.689372400030102,2.6877758439717847
2024-07-29,-39.000000000000014,1.7402459030621502,1.7392090611570312
2024-07-30,-25.000000000000043,0.4935094025393258,0.4932601303466611
2024-07-31,-12.99999999999999,0.4342351147276674,0.43408418898941287
2024-08-01,0.0,0.6013068243202139,0.6010791165266429
2024-08-02,14.000000000000012,0.8846910896656105,0.8844231762671009
2024-08-05,12.00000000000001,1.6183860220011663,1.6177850271286611
2024-08-06,-4.999999999999982,1.6664975144508434,1.6657413566162327
2024-08-07,-12.99999999999999,1.339024969766157,1.3386448712583934
2024-08-08,-7.000000000000028,1.4868768451574916,1.486424872338536
2024-08-09,-4.999999999999982,1.2748503574415158,1.2744989158102429
2024-08-12,-4.000000000000004,1.2096983545558673,1.2092343030072297
2024-08-13,-3.000000000000025,0.7510539208954825,0.7509092601916187
2024-08-14,-4.000000000000004,0.7686596021284225,0.7686016894603815
2024-08-15,-6.000000000000005,0.9117430080548132,0.9115736504738812
2024-08-16,-8.000000000000007,1.438607205688858,1.4380118274989113
2024-08-19,-4.000000000000004,0.4852655816608156,0.4851707927794812
2024-08-20,1.000000000000023,0.7757726377892047,0.7753711314438568
2024-08-21,4.999999999999982,1.129881377295808,1.1293691247327473
2024-08-22,1.000000000000023,0.5931890189777299,0.5931376794340764
2024-08-23,10.000000000000009,0.4329768284083638,0.43295393663225357
2024-08-26,2.0000000000000018,1.4021638654419535,1.4017249887377052
2024-08-27,-6.000000000000005,0.5543537188042702,0.5543656042768552
2024-08-28,-10.999999999999988,0.6727953763935866,0.6730818143871378
2024-08-29,-14.999999999999991,-0.6665028768420312,-0.6656573816531736
2024-08-30,-21.0,-1.0841363743420744,-1.0830393353763044
2024-09-03,-18.999999999999996,-2.2422129670783812,-2.2405499571564245
2024-09-04,-12.00000000000001,-0.557023520367921,-0.5566004849321902
2024-09-05,-4.999999999999982,-0.2761602498920265,-0.27568818883139745
2024-09-06,-6.000000000000005,0.5383326582975321,0.5382522840218867
2024-09-09,-7.000000000000028,0.17825671514505348,0.17855548953104627
2024-09-10,0.0,0.08978193304049609,0.09002311081553638
2024-09-11,5.000000000000027,-0.2053758324441124,-0.204895975789392
2024-09-12,4.999999999999982,-0.49134400293854585,-0.4907395292307485
2024-09-13,6.999999999999984,0.043492812266993364,0.04365542957321872
2024-09-16,12.00000000000001,1.188312676426587,1.1878439689587261
2024-09-17,9.00000000000003,2.7598830875256493,2.7585322008460014
2024-09-18,8.999999999999986,2.388115460154717,2.386937672539519
2024-09-19,6.000000000000005,1.3828007760530485,1.3820520859339545
2024-09-20,2.0000000000000018,0.0212995273600336,0.021505833334594215
2024-09-23,6.000000000000005,-0.17926026888505742,-0.17885267382739034
2024-09-24,0.0,-0.7899628231582041,-0.7891316131305738
2024-09-25,0.0,-0.7311052428725477,-0.7302417564932421
2024-09-26,6.000000000000005,-1.2582420091578348,-1.2570283102532822
2024-09-27,23.0,-0.9285757126306591,-0.9277177265941353
2024-09-30,22.00000000000002,-1.1245453005582557,-1.1237024393311563
2024-10-01,29.999999999999982,-1.3306078691471943,-1.3295539082211607
2024-10-02,26.99999999999996,-0.1873238058615286,-0.18711177377089386
2024-10-03,23.99999999999998,-0.30153324832849215,-0.3011832878021762
2024-10-04,10.000000000000009,0.006943900811489628,0.007133445035898717
2024-10-07,0.0,0.07814007573430712,0.07818724445737282
2024-10-08,-2.000000000000046,0.3507339391618728,0.35053825584121223
2024-10-09,3.000000000000025,-0.04064018986746956,-0.04062245240519061
2024-10-10,-0.9999999999999788,-0.526297757583623,-0.5259585325144113
2024-10-11,11.000000000000032,-0.4847669425372998,-0.48435772799923527
2024-10-15,16.999999999999993,-0.7347516035249345,-0.7341746765652951
2024-10-16,22.000000000000064,-0.36272684895522,-0.36247369425357834
2024-10-17,12.00000000000001,-0.5027356849540889,-0.50230374019889
2024-10-18,16.999999999999993,-0.5092843017122777,-0.5087993855993642
2024-10-21,8.999999999999986,-0.43142936727191816,-0.43099829039158544
2024-10-22,8.000000000000007,-0.4596064890686199,-0.4590895654370065
2024-10-23,4.999999999999982,-0.0782324353982076,-0.07799277948369879
2024-10-24,7.000000000000028,-0.385441563871607,-0.38506495300624877
2024-10-25,12.00000000000001,0.5880197364468702,0.5877521281495879
2024-10-28,2.999999999999936,0.4691943611654621,0.46896481435454707
2024-10-29,-2.000000000000046,0.09884985033629243,0.09889192639157593
2024-10-30,12.99999999999999,0.803663084578879,0.8036365370697495
2024-10-31,2.999999999999936,1.416616127460477,1.4161260089718504
2024-11-01,-7.000000000000028,2.2046461347801225,2.203345279033176
2024-11-04,12.00000000000001,2.2514693542957285,2.2503681510929363
2024-11-05,18.00000000000006,1.7927788051504236,1.7918938055457423
2024-11-06,0.9999999999999788,1.8393793784558279,1.8382053906955722
2024-11-07,12.00000000000001,0.5490902218578155,0.5494136472544852
2024-11-08,12.00000000000001,0.6943654187235131,0.6942223730707155
2024-11-12,-4.000000000000004,0.2604243346560233,0.2604356347053095
2024-11-13,-3.000000000000025,-0.14305943673908367,-0.1424806720226024
2024-11-14,0.0,-1.1156877548010724,-1.114199172384157
2024-11-15,-1.9999999999999571,-0.42775550115100774,-0.4271802145447775
2024-11-18,-15.000000000000036,0.10441769914933285,0.10476362531374805
2024-11-19,-8.999999999999986,-0.3211238194219938,-0.320496140904713
2024-11-20,-16.000000000000014,-0.15772226828945984,-0.15731878942099176
2024-11-21,-25.0,-0.29721335180651814,-0.29699396473337436
2024-11-22,-21.99999999999997,0.03326130366656754,0.0332007502482341
2024-11-25,-3.9999999999999143,-0.3382444234146122,-0.3384251417695803
2024-11-26,-10.999999999999943,-0.4507750918517333,-0.4505517670456076
2024-11-27,-8.000000000000007,-0.1547365753162358,-0.15447004405370002
2024-11-29,-2.999999999999936,-0.22705112995400983,-0.2269889697889209
2024-12-02,0.9999999999999788,-0.9675029263011028,-0.9670974251892075
2024-12-03,-1.0000000000000675,0.311731251953286,0.31137475906361556
2024-12-04,6.99999999999994,0.020500531854620307,0.02051356876038074
2024-12-05,15.000000000000036,-0.03752973266052201,-0.03742068024564804
2024-12-06,25.0,0.7049523880878431,0.7043834766566284
2024-12-09,18.99999999999995,0.4376118651177632,0.4372867101240905
2024-12-10,18.00000000000006,0.445464421393092,0.445116165847077
2024-12-11,24.00000000000002,0.060296507642981,0.060182029293781136
2024-12-12,25.0,0.06881777945491274,0.06876623719376262
2024-12-13,11.999999999999922,0.5117040543872253,0.5113073645649623
2024-12-16,20.000000000000018,1.3394705251121075,1.3388688745657502
2024-12-17,18.99999999999995,1.727461818227206,1.7266309102610784
2024-12-18,8.000000000000007,1.5518380844894792,1.5514729970040875
2024-12-19,4.999999999999982,2.7881870832826814,2.7868760699364774
2024-12-20,3.000000000000025,0.9814685621492265,0.9815770514881152
2024-12-23,-0.9999999999999788,0.8910364105701182,0.890807352992914
2024-12-24,-1.9999999999999571,-0.033632597395562125,-0.032973594006532214
2024-12-26,1.9999999999999571,-1.234905711120224,-1.2332292887844976
2024-12-27,0.0,-1.0849401938356373,-1.083640304065323
2024-12-30,12.00000000000001,-2.1851983431139472,-2.1833504374295654
2024-12-31,8.999999999999986,-2.6110839180960936,-2.6093381978907466
2025-01-02,10.999999999999943,-3.7555141599478263,-3.7528974559351225
2025-01-03,16.999999999999993,-1.4618594243263643,-1.4609781117162073
2025-01-06,16.999999999999993,-1.3727719243382244,-1.371799200289312
2025-01-07,11.000000000000032,-0.8086894051964201,-0.8081055099311195
2025-01-08,-0.9999999999999788,-0.4536505521595139,-0.4536504062329584
2025-01-09,-6.99999999999994,-0.4844853911806778,-0.4844065544416061
2025-01-10,-15.999999999999924,-0.265640664123877,-0.2653722001249408
2025-01-13,-21.99999999999997,-0.06285943744695344,-0.06241629081702549
2025-01-14,-18.00000000000006,-0.2492561842391504,-0.24890818450383745
2025-01-15,-0.9999999999999788,0.22435752641592374,0.22442291316182833
2025-01-16,1.9999999999999571,0.235816552390404,0.23597287272261724
2025-01-17,-8.000000000000007,0.2571787767770628,0.25712850354169015
2025-01-21,-2.000000000000046,0.013492844277374405,0.01347947449765019
2025-01-22,-4.999999999999982,0.5770938924021825,0.5765819696641532
2025-01-23,-13.000000000000078,0.5036024713058909,0.5035125769114266
2025-01-24,-4.999999999999982,0.647956404423252,0.6478573551139624
2025-01-27,0.9999999999999788,1.253622560326868,1.253120861845538
2025-01-28,-3.000000000000025,0.7487184582697914,0.748407456940293
2025-01-29,-12.00000000000001,0.4765653084681477,0.47639468445373606
2025-01-30,-6.99999999999994,0.42684689366579004,0.4266130643391645
2025-01-31,-8.999999999999986,0.35527304506590873,0.35511261757269486
2025-02-03,-3.000000000000025,0.010390001547932126,0.01041850613981421
2025-02-04,2.000000000000046,0.1417991328969257,0.1413397538992036
2025-02-05,19.00000000000004,0.6105446554187162,0.6099535407532969
2025-02-06,6.99999999999994,0.082121054910682,0.08179892800871591
2025-02-07,-2.000000000000046,0.2257859882723488,0.22540227749615843
2025-02-10,4.000000000000004,0.38161888300839614,0.38075964176678717
2025-02-11,-0.9999999999999788,0.09287422178033722,0.09244210079280246
2025-02-12,-12.00000000000001,0.5337253030661391,0.5329187978407157
2025-02-13,-9.999999999999964,1.2095687313075942,1.2084877729538248
2025-02-14,-6.99999999999994,1.0814726577519687,1.0806701514362107
2025-02-18,-25.0,1.0125665963365391,1.0114622488212177
2025-02-19,-28.000000000000025,1.4970305678113272,1.4961512336633036
2025-02-20,-21.0,0.8357792610773482,0.8349335282404391
2025-02-21,-17.99999999999997,1.1520304279410105,1.1506396354170563
2025-02-24,-24.00000000000002,0.8143300440101169,0.8128580165304979
2025-02-25,-8.000000000000007,0.6872102932978229,0.6862653692472762
2025-02-26,3.000000000000025,-0.3170235877252665,-0.3176986086907325
2025-02-27,0.0,-1.173226447849128,-1.1735057454767714
2025-02-28,8.000000000000007,-2.1177145284970136,-2.117464672127637
2025-03-03,5.999999999999961,-3.351686648302686,-3.3506988316370627
2025-03-04,6.00000000000005,-1.3238837518121236,-1.3241949608928223
2025-03-05,4.000000000000004,-1.8526959848851612,-1.85229934806301
2025-03-06,-2.000000000000046,-0.7080378876010541,-0.7080439218281247
2025-03-07,-1.0000000000000675,-0.18586417739761074,-0.18609269422255825
2025-03-10,8.999999999999986,-0.5008297083418721,-0.5008575661129899
2025-03-11,0.9999999999999788,-0.7789076813061516,-0.7787816340969447
2025-03-12,-7.000000000000028,-0.9024724909467284,-0.9022616639726155
2025-03-13,-2.999999999999936,-0.7296413399024847,-0.7294795111870156
2025-03-14,-5.999999999999961,-0.8855066197362932,-0.8851790977691192
2025-03-17,3.000000000000025,-0.66086387439942,-0.6606933338613807
2025-03-18,1.9999999999999571,0.06871429180949551,0.06838379143786832
2025-03-19,9.999999999999964,-0.9105775505664836,-0.910384449163143
2025-03-20,13.999999999999968,-1.9535728148347014,-1.9526991732182049
2025-03-21,1.9999999999999571,-1.970447619961015,-1.969366360175148
2025-03-24,-10.999999999999943,-2.0199058265461347,-2.0187554041902347
2025-03-25,-13.999999999999968,-1.3538646857628538,-1.3530740765939477
2025-03-26,-14.999999999999948,-1.5828911963001024,-1.5817713731130125
2025-03-27,-32.00000000000003,-1.4059650249913838,-1.4049390749366466
2025-03-28,-25.99999999999998,-1.56600199705339,-1.5648639054556985
2025-03-31,-8.000000000000007,-1.9216833341996398,-1.9205547836074561
2025-04-01,8.999999999999986,-2.3460985901618,-2.3450075632184353
2025-04-02,13.999999999999968,-1.284688600139615,-1.2841482261679846
2025-04-03,34.00000000000007,-1.0599550214893787,-1.0595663327732008
2025-04-04,47.000000000000064,-0.47485543016409265,-0.47495730818920556
2025-04-07,22.999999999999957,-0.49846705157683263,-0.49867273059472894
2025-04-08,8.999999999999986,-0.3084071751314798,-0.30837403841098776
2025-04-09,-4.999999999999982,0.48571212629538624,0.4856113621191257
2025-04-10,-6.00000000000005,0.3760730776539065,0.37567069416750326
2025-04-11,-6.00000000000005,1.8685056545660759,1.8675079388754547
2025-04-14,3.000000000000025,2.804864158595757,2.803177470486302
2025-04-15,5.000000000000071,1.909661466320344,1.9086506402892558
2025-04-16,3.000000000000025,1.7900020044915381,1.789015544973828
2025-04-17,-4.999999999999982,1.5256832983567852,1.5249013042664028
2025-04-21,-18.99999999999995,1.562790127606401,1.5619771750235583
2025-04-22,-21.99999999999997,1.7644659120905755,1.7636055212695687
2025-04-23,-23.000000000000043,1.3108417378752248,1.3102288941335967
2025-04-24,-7.000000000000028,0.7898978826842309,0.7895862825148169
2025-04-25,4.000000000000004,0.669918372516379,0.669695502305003
2025-04-28,12.99999999999999,0.8242412573255545,0.8240107886733274
2025-04-29,10.999999999999943,0.1858552597837219,0.18597722830717267
2025-04-30,8.999999999999986,-0.05353793065035667,-0.05330824813105872
2025-05-01,12.00000000000001,-0.8269057543321598,-0.8263592737065226
2025-05-02,4.000000000000004,0.13882421551124052,0.13880912301009052
2025-05-05,8.999999999999986,0.4488276901718342,0.44863221866339
2025-05-06,19.00000000000004,0.588161614142844,0.5879149978656797
2025-05-07,27.00000000000005,0.2125095496338819,0.2124203801306287
2025-05-08,8.000000000000007,-0.3291407599090748,-0.3289776903857028
2025-05-09,5.999999999999961,0.2014418177055355,0.20135784260128514
2025-05-12,0.9999999999999788,0.020337802341972744,0.020382299769356405
2025-05-13,-0.9999999999999788,-0.14629774861758005,-0.14601024688875108
2025-05-14,4.999999999999982,0.22568884748453877,0.2257268453395745
2025-05-15,8.999999999999986,0.2304491253242587,0.23049446563901116
2025-05-16,8.000000000000007,0.621137698285475,0.6210350497054931
2025-05-19,-3.000000000000025,0.22712031993234513,0.2271033502147463
2025-05-20,-1.0000000000000675,-0.33804607371389367,-0.33781753772296896
2025-05-21,-15.000000000000036,0.4505037678019687,0.4504223886904405
2025-05-22,-12.99999999999999,0.6059829432152615,0.605826073595202
2025-05-23,-4.999999999999982,0.06140190761776271,0.06137219162600227
2025-05-27,3.000000000000025,0.8378276975004897,0.8371889723649941
2025-05-28,-9.999999999999964,0.761832197288346,0.7614871540788494
2025-05-29,-2.999999999999936,0.36688519401100445,0.36674199721945766
2025-05-30,9.999999999999964,0.6221125119421542,0.6218846151533503
2025-06-02,3.000000000000025,-1.5182177622299988,-1.5174184478278376
2025-06-03,0.9999999999999788,0.6552424561863306,0.6549745975015744
2025-06-04,4.000000000000004,0.401912943621859,0.4018590339555267
2025-06-05,-4.000000000000004,-0.22748569970253324,-0.2271195866860809
2025-06-06,-9.999999999999964,0.48237902417446715,0.4822815590367993
2025-06-09,-3.000000000000025,0.8137674915402243,0.8134642507425427
2025-06-10,-8.000000000000007,0.3691625361340357,0.3691359578688615
2025-06-11,-3.000000000000025,0.04614974281766715,0.046215688291289136
2025-06-12,1.9999999999999571,-0.5007258189414536,-0.5003608844309253
2025-06-13,-7.000000000000028,-0.28267069186944566,-0.2824244896861887
2025-06-16,-16.000000000000014,0.6902234903484995,0.689731232432514
2025-06-17,-9.999999999999964,1.312070436904052,1.311554116545076
2025-06-18,-12.00000000000001,0.9656294493522863,0.964980759527419
2025-06-20,-8.999999999999986,-0.2650295697222141,-0.2651017574739045
2025-06-23,-9.999999999999964,0.8627526823501885,0.8624125948645398
2025-06-24,-4.000000000000004,0.02022145251662122,0.020484145100111983
2025-06-25,0.9999999999999788,-0.9712028451225245,-0.970048057831093
2025-06-26,8.999999999999986,-1.1710308345757434,-1.1698342247125335
2025-06-27,11.000000000000032,-1.4819896021574201,-1.4806805720631635
2025-06-30,17.99999999999997,-1.659930604435256,-1.658567869563976
2025-07-01,8.000000000000007,-2.0833183247984657,-2.081891874843137
2025-07-02,4.999999999999982,0.15736857081897956,0.1575267893868276
2025-07-03,8.000000000000007,0.1207828733836881,0.12121572945046838
2025-07-07,2.999999999999936,0.3331274402189544,0.33316327442214555
2025-07-08,8.000000000000007,0.21350406101518116,0.2135792696105715
2025-07-09,12.00000000000001,0.015394939472827163,0.01571627589399688
2025-07-10,12.00000000000001,-0.687658211808017,-0.6871723472357797
2025-07-11,1.0000000000000675,-0.2306670061697988,-0.2302602262771255
2025-07-14,-4.999999999999982,0.3108859080146503,0.31106327158631264
2025-07-15,-15.000000000000036,0.08682358708230448,0.08705705994167656
2025-07-16,-5.999999999999961,0.79746085277115,0.7974634773553639
2025-07-17,-4.000000000000004,0.28441452503478903,0.2847397351094726
2025-07-18,-4.000000000000004,0.22850530819504286,0.2288406718870674
2025-07-21,4.000000000000004,-0.02774603619175131,-0.027366121145880495
2025-07-22,-0.9999999999999788,-0.3427257421472936,-0.3423131607305374
2025-07-23,-2.000000000000046,-0.146110143009136,-0.14583829597949094
2025-07-24,-5.999999999999961,0.21514539640862385,0.2152893325092956
2025-07-25,-16.999999999999993,1.1544905415492035,1.154253870784033
2025-07-28,-20.000000000000018,0.5991833072164372,0.5990934118847984
2025-07-29,-12.00000000000001,0.21251686163658784,0.21271032714146437
2025-07-30,-16.000000000000014,-0.3336704707371539,-0.33333687545306356
2025-07-31,-13.999999999999968,-0.285390771658212,-0.28522752052468336
2025-08-01,3.9999999999999143,-0.30071966101193454,-0.30058718622830927
2025-08-04,4.999999999999982,0.6751067178851076,0.6749176351333538
2025-08-05,7.000000000000028,-0.19232561693785954,-0.1920703721715521
2025-08-06,2.000000000000046,0.5232839437155472,0.5230617864948216
2025-08-07,5.999999999999961,0.15341617953423448,0.15346295191458048
2025-08-08,6.00000000000005,0.28535490881891334,0.2852803593170069
2025-08-11,7.000000000000028,-0.13487777489583092,-0.13470646898896138
2025-08-12,0.9999999999999788,-0.02923464071247195,-0.029097846086805434
2025-08-13,4.999999999999982,0.21812082641595837,0.2184283917283597
2025-08-14,4.000000000000004,0.15594733376211434,0.15635296146132638
2025-08-15,-7.000000000000028,0.47453308644427294,0.4746615848925718
2025-08-18,-5.999999999999961,1.2832579152690584,1.2831260719731064
2025-08-19,-4.000000000000004,0.6324793707828609,0.6325891177819352
2025-08-20,-4.999999999999982,0.5382205317325915,0.5382185268184366
2025-08-21,-11.000000000000032,-0.02857446513235634,-0.028397721706237278
2025-08-22,-2.999999999999936,0.35579925888321784,0.3557350041584
2025-08-25,0.0,0.30230008584766155,0.3024791417748916
2025-08-26,-4.000000000000004,0.6596209698842963,0.6595904073692792
2025-08-27,-7.000000000000028,0.1595433452269629,0.15991111769354377
2025-08-28,-12.00000000000001,-0.26018408865280884,-0.2597270314914052
2025-08-29,-18.00000000000006,-0.07783821429154086,-0.07755840717046031
2025-09-02,-20.000000000000018,-0.4556796349345894,-0.4553994934103741
2025-09-03,-17.99999999999997,1.0905949569715738,1.089921383282567
2025-09-04,-16.000000000000014,0.8619127949225809,0.8614851960511332
2025-09-05,-4.000000000000004,0.17639752752659088,0.17629033624839968
2025-09-08,0.0,1.044514204374874,1.0439903185884063
2025-09-09,-4.000000000000004,0.49223519161587104,0.4920046756143502
2025-09-10,1.9999999999999571,0.5765694743944102,0.5762503176470973
2025-09-11,10.000000000000052,0.32357194045226734,0.32325970734353254
2025-09-12,8.000000000000007,0.36672056359937033,0.366408569537559
2025-09-15,10.000000000000052,1.2678109588712827,1.2671539037257378
2025-09-16,8.000000000000007,2.6113126689649264,2.609955957181345
2025-09-17,10.000000000000052,2.424723227745585,2.423400190500782
2025-09-18,6.99999999999994,2.2268271941237017,2.225632462212729
2025-09-19,6.00000000000005,1.174395716029793,1.1737595155269949
2025-09-22,0.0,1.366465264117228,1.3658603929201794
2025-09-23,4.000000000000004,1.8171170196578594,1.8161112695905093
2025-09-24,-4.000000000000004,1.8616916506295458,1.8607582781214491
2025-09-25,-8.000000000000007,0.7467338561377832,0.7464414773352952
2025-09-26,-7.000000000000028,0.9068227430687967,0.9062712514428002
2025-09-29,2.999999999999936,-0.3453867457489932,-0.34505952885789737
2025-09-30,-2.000000000000046,-0.207930464378151,-0.20790867761732423
2025-10-01,0.9999999999999788,0.2645649204834951,0.26443017477401326
2025-10-02,4.000000000000004,1.152669408491409,1.1521500228681698
2025-10-03,-8.000000000000007,1.014222334493877,1.0136990805096018
2025-10-06,-14.999999999999948,1.0177138162610657,1.0171799059458964
2025-10-07,-8.999999999999986,0.8818484212234423,0.881521412079415
2025-10-08,-13.999999999999968,1.3314507496963957,1.330779282904579
2025-10-09,-12.00000000000001,0.3202088912904713,0.32010429289340125
2025-10-10,-4.999999999999982,0.020882853975152493,0.020887363393763847
2025-10-14,-5.000000000000027,1.0964388710382873,1.0954672050057301
2025-10-15,-7.999999999999963,0.5336475308185131,0.533183484946721
2025-10-16,1.9999999999999571,0.8810207589621408,0.8804690005372866
2025-10-17,0.0,1.0332869974346564,1.032622082750166
2025-10-20,0.9999999999999788,0.22069908610792505,0.2205577950506954
2025-10-21,1.000000000000023,0.07269794088976717,0.07269106496944722
2025-10-22,10.999999999999988,0.022232389237119732,0.022260410807126818
2025-10-23,10.000000000000052,-0.14986806588733076,-0.14988026376526875
2025-10-24,9.000000000000075,0.07837542713823892,0.07842248945771468
2025-10-27,12.00000000000001,0.42595811230793196,0.4259570418283487
2025-10-28,10.999999999999943,0.618405189088424,0.6183020704773406
2025-10-29,8.999999999999986,0.526256946978948,0.5260329024521928
2025-10-30,0.0,1.2114173171234333,1.2107778622097864
2025-10-31,0.0,-0.42666914868893396,-0.42649832196747917
2025-11-03,0.0,-1.3680051582422759,-1.367495731683556
2025-11-04,-1.9999999999999571,-1.5254820827282105,-1.5248242855493128
2025-11-05,-5.999999999999961,-1.7259032886961083,-1.7252723834070203
2025-11-06,2.999999999999936,-1.4310255406594556,-1.4303582809414355
2025-11-07,1.9999999999999571,-1.1300353714013351,-1.1296042444526808
2025-11-10,-0.9999999999999788,-0.9177357657393552,-0.9173453257669277
2025-11-12,4.999999999999982,-0.8968814950159547,-0.8964310321884703
2025-11-13,-1.0000000000000675,-0.8347427986054474,-0.8344956852587759
2025-11-14,-8.000000000000007,-0.0334510446889158,-0.03366465936599683
2025-11-17,-8.999999999999986,-0.008674819336058293,-0.008915667742149191
2025-11-18,-11.000000000000032,0.006915585981061123,0.006630250791200054
2025-11-19,-12.99999999999999,0.1401620160186665,0.1397919187946004
2025-11-20,-8.000000000000007,-0.41622572597535046,-0.41618828272432484
2025-11-21,3.000000000000025,-0.6303990368409037,-0.6303074267881562
2025-11-24,4.999999999999982,-0.8673162184804102,-0.866996006108782
2025-11-25,4.999999999999982,-1.1497028821612572,-1.1489662185272775
2025-11-26,11.000000000000032,-1.0592780094682326,-1.0585402111083029
2025-11-28,12.00000000000001,-0.7607898587356243,-0.7603003622578752
2025-12-01,8.000000000000007,-0.5410938573972507,-0.5406986120043539
2025-12-02,8.999999999999986,-0.006597978860198583,-0.006525958325402703
2025-12-03,7.000000000000028,-0.39094210038563937,-0.3905000397847982
2025-12-04,2.999999999999936,0.009553695764484504,0.009731796066961285
2025-12-05,5.000000000000071,0.026241429020511686,0.02654772434614916
2025-12-08,0.9999999999999788,0.15177837172486702,0.15200714191830483
2025-12-09,-2.999999999999936,0.4218575859125086,0.4219816386150777
2025-12-10,3.000000000000025,0.4015603821683054,0.40158789570915854
2025-12-11,-1.9999999999999571,-0.12184834074208112,-0.12152386777251317
2025-12-12,-3.000000000000025,0.11275264796007539,0.11307334051542944
2025-12-15,-0.9999999999999788,0.006554081216537944,0.006947084290024275
2025-12-16,2.999999999999936,0.08941769972579255,0.08969671153651676
2025-12-17,-0.9999999999999788,-0.08753841412956548,-0.08722720296710479
2025-12-18,1.9999999999999571,-1.099275425169227,-1.0985492580165999
2025-12-19,-4.000000000000004,-1.4963645336597204,-1.495466701416255
2025-12-22,-3.000000000000025,-0.1451680614451995,-0.14476483292632286
2025-12-23,0.0,0.13437399635233876,0.13471221208603112
2025-12-24,4.000000000000004,-0.17616782465987163,-0.17571092799163684
2025-12-26,3.000000000000025,0.10864889405860495,0.10895782212567229
2025-12-29,5.999999999999961,-1.6231690443048965,-1.6221096505182317
2025-12-30,1.0000000000000675,-0.3976579531791455,-0.39721563928592635
2025-12-31,1.0000000000000675,-0.3933711641945071,-0.3928974271846157
2026-01-02,-1.0000000000000675,-1.3365807678649146,-1.3356090227927941
2026-01-05,2.000000000000046,0.6040481067867314,0.6040878830808545
2026-01-06,0.0,0.37287132393286165,0.3729547884053716
2026-01-07,0.0,0.9047743388310919,0.9046740100246289
2026-01-08,-2.000000000000046,1.0026459034696396,1.0024454809058114
2026-01-09,6.00000000000005,0.9805143871915611,0.9803402900952607
2026-01-12,10.999999999999943,0.9819896708502297,0.9818589418477606
2026-01-13,8.000000000000007,1.7896670970403068,1.7891521024525607
2026-01-14,10.999999999999943,1.9481112252469959,1.947460979916921
2026-01-15,7.000000000000028,2.2011257017895094,2.2002683897308133
2026-01-16,-2.000000000000046,2.1073141345007773,2.1065414474100663
2026-01-20,-5.999999999999961,1.5985165581880192,1.5979934145244858
2026-01-21,0.0,2.989975079022426,2.988592639925157
2026-01-22,-1.9999999999999571,2.1373031469812966,2.13644590347269
2026-01-23,1.9999999999999571,2.016257333242452,2.0155123034707816
2026-01-26,7.000000000000028,2.15829439145174,2.1573660096639706
2026-01-27,4.000000000000004,2.7522011019720356,2.751030430644669
2026-01-28,3.000000000000025,2.817695973184839,2.8166331483566287
2026-01-29,-3.000000000000025,2.4247154689611303,2.423785290362097
2026-01-30,-4.000000000000004,2.2799187305617483,2.2790377625622695
2026-02-02,-7.000000000000028,2.2748513717426957,2.2740381694530627
2026-02-03,-12.00000000000001,1.878289642867964,1.8776683627471917
2026-02-04,-11.000000000000032,2.3592467528094145,2.3582429896842223
2026-02-05,-12.00000000000001,2.0527048157449626,2.051828944956518
2026-02-06,-17.99999999999997,1.848678135057912,1.8478434891657587
2026-02-09,-16.999999999999993,1.2619211393059255,1.2615043100644034
2026-02-10,-7.000000000000028,1.3466650606583987,1.3462754200859894
2026-02-11,-9.999999999999964,1.0254876309660872,1.0251163698007488
2026-02-12,-0.9999999999999788,0.9094015942966915,0.90896251864525
2026-02-13,-0.9999999999999788,0.872660719253953,0.871997535186392
2026-02-17,-0.9999999999999788,1.2118324120686779,1.2110595155367414
2026-02-18,-4.000000000000004,1.8205734193875682,1.819553789442946
2026-02-19,-6.00000000000005,1.9781031975236854,1.9771020711073093
2026-02-20,-10.999999999999988,1.2235878790063905,1.222874166574044
2026-02-23,1.9999999999999571,0.9038369722538826,0.9032899779721757
2026-02-24,1.9999999999999571,0.7661342499981048,0.7655270133564003
2026-02-25,4.000000000000004,0.6638544239273435,0.6633911079540757
2026-02-26,11.000000000000032,0.44113709035963494,0.44084413910445586
2026-02-27,18.000000000000014,-0.13950725670511188,-0.1395800376839882
2026-03-02,7.000000000000028,-1.6831036548664735,-1.6825993167745668
2026-03-03,9.000000000000075,0.6388874767146799,0.638330900854409
2026-03-04,12.00000000000001,0.31681542873789875,0.31632453875326993
2026-03-05,13.999999999999968,0.15594294459345587,0.15568764350155262
2026-03-06,12.99999999999999,-0.11788843037409918,-0.11808772808579149
2026-03-09,11.000000000000032,0.5608782815025688,0.5603186637775719
2026-03-10,4.999999999999982,-0.04317766728299738,-0.04340994344058008
2026-03-11,4.999999999999982,0.3236972748485404,0.3233611039743694
2026-03-12,-1.9999999999999571,-0.0362984857351038,-0.03656733907656795
2026-03-13,10.999999999999943,0.320022472353999,0.31947885390965464
2026-03-16,10.999999999999943,0.24317904649279798,0.24278498543835048
2026-03-17,18.99999999999995,0.5294690497110851,0.5290183225179241
2026-03-18,7.000000000000028,0.027646269707355342,0.027422696897584586
2026-03-19,16.999999999999993,0.2764719078648461,0.2761115881310684
2026-03-20,5.000000000000071,0.2091966485988226,0.2088522654580534
2026-03-23,0.9999999999999788,0.9184968690025408,0.917870326675477
2026-03-24,-8.999999999999986,0.8246532670207228,0.8241137554091637
2026-03-25,0.0,1.1521001986165795,1.1514265316557277
2026-03-26,-11.000000000000032,1.001524388736756,1.0009611157953824
2026-03-27,-9.000000000000075,1.4709344651888774,1.4701198018126824
2026-03-30,-0.9999999999999788,1.0463821424130582,1.045834560678868
2026-03-31,3.000000000000025,0.7562535676104942,0.7558089725642372
2026-04-01,-4.000000000000004,-0.6553405905115138,-0.6550794936687867
2026-04-02,-1.9999999999999571,1.0427710329215103,1.0423818441299155
2026-04-03,-4.000000000000004,1.2044359247611107,1.2040324536969784
2026-04-06,-4.000000000000004,1.1648214395516505,1.1644186907625995
2026-04-07,-7.000000000000028,1.3491977684672696,1.3487841332873498
2026-04-08,0.0,-0.3544374044884527,-0.354109311341988
2026-04-09,3.000000000000025,1.01043117206475,1.010179984311391
2026-04-10,-4.999999999999982,0.8293539387468751,0.8292304169010964
2026-04-13,-4.000000000000004,1.3764077160709167,1.37602666983123
2026-04-14,4.000000000000004,1.3562841687412301,1.3559953235934437
2026-04-15,0.9999999999999788,1.7918722826714064,1.7913663242357702
2026-04-16,1.9999999999999571,2.2300169866123993,2.229408267106898
2026-04-17,4.999999999999982,1.8036291737175165,1.8031796552930026
2026-04-20,8.999999999999986,1.3615611747289142,1.3613925561649693
2026-04-21,6.00000000000005,1.1221375833226659,1.1220464845292377
2026-04-22,12.00000000000001,1.4898294484026062,1.489476374194454
2026-04-23,6.00000000000005,1.5580016017078666,1.557604304292213
2026-04-24,8.000000000000007,1.9152317528614813,1.9146385152593688
2026-04-27,10.000000000000052,1.5470932586461847,1.5467575195241838
2026-04-28,6.99999999999994,1.6406343475550054,1.640376700443318
2026-04-29,-5.999999999999961,1.658367089278157,1.6578647852324617
2026-04-30,0.9999999999999788,1.9689555383247557,1.9681777982915258
2026-05-01,-0.9999999999999788,1.1316802460254203,1.1313710972989954
2026-05-04,-3.000000000000025,1.7815116181120192,1.7808812856636782
2026-05-05,3.000000000000025,1.837055931839258,1.8363148013137205
2026-05-06,9.999999999999964,1.7773089642999729,1.7767221389943533
2026-05-07,5.999999999999961,1.3853512926031661,1.3849427024893668
2026-05-08,21.0,1.6912938194027562,1.6907002331815972
2026-05-11,19.00000000000004,1.430103947907626,1.4295831249413207
2026-05-12,21.0,1.6238731593256577,1.623196687631451
2026-05-13,11.000000000000032,1.4847448821845801,1.4840763527515912
2026-05-14,10.000000000000052,0.9677532935291006,0.9674130883572039
2026-05-15,-3.000000000000025,1.1055118745834291,1.1051995772504457
2026-05-18,-11.000000000000032,1.279726229438038,1.2793856462033761
2026-05-19,-18.99999999999995,0.22250597041076603,0.22286262745053098
2026-05-20,-12.00000000000001,-1.1052152778206068,-1.1042448782022445
2026-05-21,-12.00000000000001,-1.5518440105096034,-1.5507218918592778
2026-05-22,-8.999999999999986,0.14903471358760478,0.14927583528680777
2026-05-26,-4.000000000000004,0.8930980822205877,0.8928474731931082
2026-05-27,0.9999999999999788,1.0647905112266431,1.0646695491314162
2026-05-28,1.9999999999999571,0.8191744406046068,0.8191410556560053
2026-05-29,9.999999999999964,0.8137600213302536,0.8136877139286217
2026-06-01,8.999999999999986,0.03374288698881267,0.034051983109426254
2026-06-02,7.000000000000028,0.8234500104660406,0.8232862830270111
2026-06-03,5.999999999999961,0.653638200207797,0.6535440825629643
2026-06-04,-1.9999999999999571,0.44373435504613457,0.4437408003156989
2026-06-05,-6.99999999999994,0.384974709050848,0.3850713287367433
2026-06-08,-8.999999999999986,1.5308364021757623,1.5301339691398597
2026-06-09,-10.000000000000052,0.8538478128846205,0.8536215250936243
2026-06-10,-5.999999999999961,0.9838953998628776,0.9835530243285624
2026-06-11,0.9999999999999788,1.2569464940825645,1.256464361598119
2026-06-12,2.999999999999936,0.4900172371072573,0.4899716721474941
2026-06-15,3.000000000000025,1.128540108152177,1.1282252405503352
2026-06-16,-1.9999999999999571,1.1050563253255947,1.104832960836273
2026-06-17,-8.999999999999986,-0.21557874145669254,-0.21527981308295235
2026-06-18,-8.000000000000007,0.8300894856693344,0.8297911953827876
2026-06-22,-12.99999999999999,0.3689119276416335,0.3689418795910729
2026-06-23,-5.999999999999961,0.2854117620204229,0.285479684766092
2026-06-24,7.000000000000028,-0.005777623391266695,-0.005491783434886044
2026-06-25,8.999999999999986,-0.21422972849044886,-0.21383483617304216
2026-06-26,10.000000000000052,0.02881281621343368,0.029022802443182394
2026-06-29,16.999999999999993,-0.16986451540605108,-0.16963264205090461
2026-06-30,11.999999999999922,0.16377937850379498,0.1639121922511152
2026-07-01,5.999999999999961,-1.1214086777414136,-1.1206248504582257
2026-07-02,6.99999999999994,0.7512863023899864,0.7511692673015404
2026-07-06,13.999999999999968,0.7371896780058756,0.7371021796992506
2026-07-07,3.000000000000025,0.1289363632271272,0.12907906737615138
2026-07-08,-0.9999999999999788,0.27472703899911477,0.27476956527918656
2026-07-09,3.000000000000025,-0.0468868976756841,-0.04679271409779889
2026-07-10,-0.9999999999999788,-0.4657218327565107,-0.4653882760682116
2026-07-13,-2.000000000000046,0.29134733538938995,0.2911876196494991
2026-07-14,4.999999999999982,0.6848242037726593,0.6845127146785139
2026-07-15,12.00000000000001,0.7268109239298912,0.726385086819215
2026-07-16,13.999999999999968,0.7143953414983646,0.714101681486637
2026-07-17,14.000000000000057,0.822195531305978,0.8218637474243984
2026-07-20,5.000000000000071,0.9898649149880119,0.9894119585044909
2026-07-21,-1.9999999999999571,0.8961118613987717,0.8956639499265162
2026-07-22,0.0,1.1887262173470745,1.188161871028719
2026-07-23,-3.000000000000025,1.4110595622345097,1.410443595191621
